TagFwd	PrimerFwd	TagRev	PrimerRev	Marker	Sample	Replicate	Run	FastqFwd	FastqRev
TCGATCACGATGT	GTGYCAGCMGCCGCGGTAA	TATCGACGATGT	GGACTACNVGGGTWTCTAAT	16S1	2201	1	reqpol	reqpol_R1_fw.fastq.gz	reqpol_R1_rv.fastq.gz
CGATCGTCATCACG	GTGYCAGCMGCCGCGGTAA	TATCGACGATGT	GGACTACNVGGGTWTCTAAT	16S1	2202	1	reqpol	reqpol_R1_fw.fastq.gz	reqpol_R1_rv.fastq.gz
GATCGACAGATC	GTGYCAGCMGCCGCGGTAA	TATCGACGATGT	GGACTACNVGGGTWTCTAAT	16S1	2203	1	reqpol	reqpol_R1_fw.fastq.gz	reqpol_R1_rv.fastq.gz
ACGATCCACAGTG	GTGYCAGCMGCCGCGGTAA	TATCGACGATGT	GGACTACNVGGGTWTCTAAT	16S1	2204	1	reqpol	reqpol_R1_fw.fastq.gz	reqpol_R1_rv.fastq.gz
TGATCGATGATCAG	GTGYCAGCMGCCGCGGTAA	TATCGACGATGT	GGACTACNVGGGTWTCTAAT	16S1	2205	1	reqpol	reqpol_R1_fw.fastq.gz	reqpol_R1_rv.fastq.gz
CATCGAGTAGAG	GTGYCAGCMGCCGCGGTAA	TATCGACGATGT	GGACTACNVGGGTWTCTAAT	16S1	2206	1	reqpol	reqpol_R1_fw.fastq.gz	reqpol_R1_rv.fastq.gz
GTCGATCATGTCA	GTGYCAGCMGCCGCGGTAA	TATCGACGATGT	GGACTACNVGGGTWTCTAAT	16S1	2207	1	reqpol	reqpol_R1_fw.fastq.gz	reqpol_R1_rv.fastq.gz
AGATCGTACTAGCT	GTGYCAGCMGCCGCGGTAA	TATCGACGATGT	GGACTACNVGGGTWTCTAAT	16S1	2208	1	reqpol	reqpol_R1_fw.fastq.gz	reqpol_R1_rv.fastq.gz
TCGATCACGATGT	GTGYCAGCMGCCGCGGTAA	CTCGATGATCACG	GGACTACNVGGGTWTCTAAT	16S1	2209	1	reqpol	reqpol_R1_fw.fastq.gz	reqpol_R1_rv.fastq.gz
CGATCGTCATCACG	GTGYCAGCMGCCGCGGTAA	CTCGATGATCACG	GGACTACNVGGGTWTCTAAT	16S1	2210	1	reqpol	reqpol_R1_fw.fastq.gz	reqpol_R1_rv.fastq.gz
GATCGACAGATC	GTGYCAGCMGCCGCGGTAA	CTCGATGATCACG	GGACTACNVGGGTWTCTAAT	16S1	2301	1	reqpol	reqpol_R1_fw.fastq.gz	reqpol_R1_rv.fastq.gz
ACGATCCACAGTG	GTGYCAGCMGCCGCGGTAA	CTCGATGATCACG	GGACTACNVGGGTWTCTAAT	16S1	2302	1	reqpol	reqpol_R1_fw.fastq.gz	reqpol_R1_rv.fastq.gz
TGATCGATGATCAG	GTGYCAGCMGCCGCGGTAA	CTCGATGATCACG	GGACTACNVGGGTWTCTAAT	16S1	2303	1	reqpol	reqpol_R1_fw.fastq.gz	reqpol_R1_rv.fastq.gz
CATCGAGTAGAG	GTGYCAGCMGCCGCGGTAA	CTCGATGATCACG	GGACTACNVGGGTWTCTAAT	16S1	2304	1	reqpol	reqpol_R1_fw.fastq.gz	reqpol_R1_rv.fastq.gz
GTCGATCATGTCA	GTGYCAGCMGCCGCGGTAA	CTCGATGATCACG	GGACTACNVGGGTWTCTAAT	16S1	2305	1	reqpol	reqpol_R1_fw.fastq.gz	reqpol_R1_rv.fastq.gz
AGATCGTACTAGCT	GTGYCAGCMGCCGCGGTAA	CTCGATGATCACG	GGACTACNVGGGTWTCTAAT	16S1	2401	1	reqpol	reqpol_R1_fw.fastq.gz	reqpol_R1_rv.fastq.gz
TCGATCACGATGT	GTGYCAGCMGCCGCGGTAA	GCGATCAGCAGATC	GGACTACNVGGGTWTCTAAT	16S1	2402	1	reqpol	reqpol_R1_fw.fastq.gz	reqpol_R1_rv.fastq.gz
CGATCGTCATCACG	GTGYCAGCMGCCGCGGTAA	GCGATCAGCAGATC	GGACTACNVGGGTWTCTAAT	16S1	2403	1	reqpol	reqpol_R1_fw.fastq.gz	reqpol_R1_rv.fastq.gz
GATCGACAGATC	GTGYCAGCMGCCGCGGTAA	GCGATCAGCAGATC	GGACTACNVGGGTWTCTAAT	16S1	2404	1	reqpol	reqpol_R1_fw.fastq.gz	reqpol_R1_rv.fastq.gz
ACGATCCACAGTG	GTGYCAGCMGCCGCGGTAA	GCGATCAGCAGATC	GGACTACNVGGGTWTCTAAT	16S1	Cor1_1_100	1	reqpol	reqpol_R1_fw.fastq.gz	reqpol_R1_rv.fastq.gz
TGATCGATGATCAG	GTGYCAGCMGCCGCGGTAA	GCGATCAGCAGATC	GGACTACNVGGGTWTCTAAT	16S1	4245_236	1	reqpol	reqpol_R1_fw.fastq.gz	reqpol_R1_rv.fastq.gz
CATCGAGTAGAG	GTGYCAGCMGCCGCGGTAA	GCGATCAGCAGATC	GGACTACNVGGGTWTCTAAT	16S1	4245_237	1	reqpol	reqpol_R1_fw.fastq.gz	reqpol_R1_rv.fastq.gz
GTCGATCATGTCA	GTGYCAGCMGCCGCGGTAA	GCGATCAGCAGATC	GGACTACNVGGGTWTCTAAT	16S1	4245_240	1	reqpol	reqpol_R1_fw.fastq.gz	reqpol_R1_rv.fastq.gz
AGATCGTACTAGCT	GTGYCAGCMGCCGCGGTAA	GCGATCAGCAGATC	GGACTACNVGGGTWTCTAAT	16S1	4245_256	1	reqpol	reqpol_R1_fw.fastq.gz	reqpol_R1_rv.fastq.gz
TCGATCACGATGT	GTGYCAGCMGCCGCGGTAA	ATATCGACAGTG	GGACTACNVGGGTWTCTAAT	16S1	4245_304	1	reqpol	reqpol_R1_fw.fastq.gz	reqpol_R1_rv.fastq.gz
CGATCGTCATCACG	GTGYCAGCMGCCGCGGTAA	ATATCGACAGTG	GGACTACNVGGGTWTCTAAT	16S1	4245_308	1	reqpol	reqpol_R1_fw.fastq.gz	reqpol_R1_rv.fastq.gz
GATCGACAGATC	GTGYCAGCMGCCGCGGTAA	ATATCGACAGTG	GGACTACNVGGGTWTCTAAT	16S1	4245_360	1	reqpol	reqpol_R1_fw.fastq.gz	reqpol_R1_rv.fastq.gz
ACGATCCACAGTG	GTGYCAGCMGCCGCGGTAA	ATATCGACAGTG	GGACTACNVGGGTWTCTAAT	16S1	4245_365	1	reqpol	reqpol_R1_fw.fastq.gz	reqpol_R1_rv.fastq.gz
TGATCGATGATCAG	GTGYCAGCMGCCGCGGTAA	ATATCGACAGTG	GGACTACNVGGGTWTCTAAT	16S1	4245_368	1	reqpol	reqpol_R1_fw.fastq.gz	reqpol_R1_rv.fastq.gz
CATCGAGTAGAG	GTGYCAGCMGCCGCGGTAA	ATATCGACAGTG	GGACTACNVGGGTWTCTAAT	16S1	Tpos_BactZB_a	1	reqpol	reqpol_R1_fw.fastq.gz	reqpol_R1_rv.fastq.gz
GTCGATCATGTCA	GTGYCAGCMGCCGCGGTAA	ATATCGACAGTG	GGACTACNVGGGTWTCTAAT	16S1	Make2	1	reqpol	reqpol_R1_fw.fastq.gz	reqpol_R1_rv.fastq.gz
AGATCGTACTAGCT	GTGYCAGCMGCCGCGGTAA	ATATCGACAGTG	GGACTACNVGGGTWTCTAAT	16S1	Make3	1	reqpol	reqpol_R1_fw.fastq.gz	reqpol_R1_rv.fastq.gz
TCGATCACGATGT	GTGYCAGCMGCCGCGGTAA	TCTCGATGATCAG	GGACTACNVGGGTWTCTAAT	16S1	Make4	1	reqpol	reqpol_R1_fw.fastq.gz	reqpol_R1_rv.fastq.gz
CGATCGTCATCACG	GTGYCAGCMGCCGCGGTAA	TCTCGATGATCAG	GGACTACNVGGGTWTCTAAT	16S1	Make5	1	reqpol	reqpol_R1_fw.fastq.gz	reqpol_R1_rv.fastq.gz
GATCGACAGATC	GTGYCAGCMGCCGCGGTAA	TCTCGATGATCAG	GGACTACNVGGGTWTCTAAT	16S1	Make6	1	reqpol	reqpol_R1_fw.fastq.gz	reqpol_R1_rv.fastq.gz
ACGATCCACAGTG	GTGYCAGCMGCCGCGGTAA	TCTCGATGATCAG	GGACTACNVGGGTWTCTAAT	16S1	0225_30	1	reqpol	reqpol_R1_fw.fastq.gz	reqpol_R1_rv.fastq.gz
TGATCGATGATCAG	GTGYCAGCMGCCGCGGTAA	TCTCGATGATCAG	GGACTACNVGGGTWTCTAAT	16S1	0225_31	1	reqpol	reqpol_R1_fw.fastq.gz	reqpol_R1_rv.fastq.gz
CATCGAGTAGAG	GTGYCAGCMGCCGCGGTAA	TCTCGATGATCAG	GGACTACNVGGGTWTCTAAT	16S1	0225_35	1	reqpol	reqpol_R1_fw.fastq.gz	reqpol_R1_rv.fastq.gz
GTCGATCATGTCA	GTGYCAGCMGCCGCGGTAA	TCTCGATGATCAG	GGACTACNVGGGTWTCTAAT	16S1	0225_37	1	reqpol	reqpol_R1_fw.fastq.gz	reqpol_R1_rv.fastq.gz
AGATCGTACTAGCT	GTGYCAGCMGCCGCGGTAA	TCTCGATGATCAG	GGACTACNVGGGTWTCTAAT	16S1	0225_39	1	reqpol	reqpol_R1_fw.fastq.gz	reqpol_R1_rv.fastq.gz
TCGATCACGATGT	GTGYCAGCMGCCGCGGTAA	CGCGATCTGTAGAG	GGACTACNVGGGTWTCTAAT	16S1	0305_41	1	reqpol	reqpol_R1_fw.fastq.gz	reqpol_R1_rv.fastq.gz
CGATCGTCATCACG	GTGYCAGCMGCCGCGGTAA	CGCGATCTGTAGAG	GGACTACNVGGGTWTCTAAT	16S1	Cor1_1_95	1	reqpol	reqpol_R1_fw.fastq.gz	reqpol_R1_rv.fastq.gz
GATCGACAGATC	GTGYCAGCMGCCGCGGTAA	CGCGATCTGTAGAG	GGACTACNVGGGTWTCTAAT	16S1	0305_42	1	reqpol	reqpol_R1_fw.fastq.gz	reqpol_R1_rv.fastq.gz
ACGATCCACAGTG	GTGYCAGCMGCCGCGGTAA	CGCGATCTGTAGAG	GGACTACNVGGGTWTCTAAT	16S1	0317_43	1	reqpol	reqpol_R1_fw.fastq.gz	reqpol_R1_rv.fastq.gz
TGATCGATGATCAG	GTGYCAGCMGCCGCGGTAA	CGCGATCTGTAGAG	GGACTACNVGGGTWTCTAAT	16S1	0628_01	1	reqpol	reqpol_R1_fw.fastq.gz	reqpol_R1_rv.fastq.gz
CATCGAGTAGAG	GTGYCAGCMGCCGCGGTAA	CGCGATCTGTAGAG	GGACTACNVGGGTWTCTAAT	16S1	0628_04	1	reqpol	reqpol_R1_fw.fastq.gz	reqpol_R1_rv.fastq.gz
GTCGATCATGTCA	GTGYCAGCMGCCGCGGTAA	CGCGATCTGTAGAG	GGACTACNVGGGTWTCTAAT	16S1	0628_05	1	reqpol	reqpol_R1_fw.fastq.gz	reqpol_R1_rv.fastq.gz
AGATCGTACTAGCT	GTGYCAGCMGCCGCGGTAA	CGCGATCTGTAGAG	GGACTACNVGGGTWTCTAAT	16S1	0630_01	1	reqpol	reqpol_R1_fw.fastq.gz	reqpol_R1_rv.fastq.gz
TCGATCACGATGT	GTGYCAGCMGCCGCGGTAA	GAGATCATGTCA	GGACTACNVGGGTWTCTAAT	16S1	0630_02	1	reqpol	reqpol_R1_fw.fastq.gz	reqpol_R1_rv.fastq.gz
CGATCGTCATCACG	GTGYCAGCMGCCGCGGTAA	GAGATCATGTCA	GGACTACNVGGGTWTCTAAT	16S1	0630_04	1	reqpol	reqpol_R1_fw.fastq.gz	reqpol_R1_rv.fastq.gz
GATCGACAGATC	GTGYCAGCMGCCGCGGTAA	GAGATCATGTCA	GGACTACNVGGGTWTCTAAT	16S1	0630_06	1	reqpol	reqpol_R1_fw.fastq.gz	reqpol_R1_rv.fastq.gz
ACGATCCACAGTG	GTGYCAGCMGCCGCGGTAA	GAGATCATGTCA	GGACTACNVGGGTWTCTAAT	16S1	0613_03	1	reqpol	reqpol_R1_fw.fastq.gz	reqpol_R1_rv.fastq.gz
TGATCGATGATCAG	GTGYCAGCMGCCGCGGTAA	GAGATCATGTCA	GGACTACNVGGGTWTCTAAT	16S1	0623_01	1	reqpol	reqpol_R1_fw.fastq.gz	reqpol_R1_rv.fastq.gz
CATCGAGTAGAG	GTGYCAGCMGCCGCGGTAA	GAGATCATGTCA	GGACTACNVGGGTWTCTAAT	16S1	0623_03	1	reqpol	reqpol_R1_fw.fastq.gz	reqpol_R1_rv.fastq.gz
GTCGATCATGTCA	GTGYCAGCMGCCGCGGTAA	GAGATCATGTCA	GGACTACNVGGGTWTCTAAT	16S1	0623_04	1	reqpol	reqpol_R1_fw.fastq.gz	reqpol_R1_rv.fastq.gz
AGATCGTACTAGCT	GTGYCAGCMGCCGCGGTAA	GAGATCATGTCA	GGACTACNVGGGTWTCTAAT	16S1	0623_07	1	reqpol	reqpol_R1_fw.fastq.gz	reqpol_R1_rv.fastq.gz
TCGATCACGATGT	GTGYCAGCMGCCGCGGTAA	ACATCGACGTACG	GGACTACNVGGGTWTCTAAT	16S1	0611_01	1	reqpol	reqpol_R1_fw.fastq.gz	reqpol_R1_rv.fastq.gz
CGATCGTCATCACG	GTGYCAGCMGCCGCGGTAA	ACATCGACGTACG	GGACTACNVGGGTWTCTAAT	16S1	0611_02	1	reqpol	reqpol_R1_fw.fastq.gz	reqpol_R1_rv.fastq.gz
GATCGACAGATC	GTGYCAGCMGCCGCGGTAA	ACATCGACGTACG	GGACTACNVGGGTWTCTAAT	16S1	0611_03	1	reqpol	reqpol_R1_fw.fastq.gz	reqpol_R1_rv.fastq.gz
ACGATCCACAGTG	GTGYCAGCMGCCGCGGTAA	ACATCGACGTACG	GGACTACNVGGGTWTCTAAT	16S1	0617_01	1	reqpol	reqpol_R1_fw.fastq.gz	reqpol_R1_rv.fastq.gz
TGATCGATGATCAG	GTGYCAGCMGCCGCGGTAA	ACATCGACGTACG	GGACTACNVGGGTWTCTAAT	16S1	0617_02	1	reqpol	reqpol_R1_fw.fastq.gz	reqpol_R1_rv.fastq.gz
CATCGAGTAGAG	GTGYCAGCMGCCGCGGTAA	ACATCGACGTACG	GGACTACNVGGGTWTCTAAT	16S1	0617_03	1	reqpol	reqpol_R1_fw.fastq.gz	reqpol_R1_rv.fastq.gz
GTCGATCATGTCA	GTGYCAGCMGCCGCGGTAA	ACATCGACGTACG	GGACTACNVGGGTWTCTAAT	16S1	0617_04	1	reqpol	reqpol_R1_fw.fastq.gz	reqpol_R1_rv.fastq.gz
AGATCGTACTAGCT	GTGYCAGCMGCCGCGGTAA	ACATCGACGTACG	GGACTACNVGGGTWTCTAAT	16S1	Ban_1_1BO	1	reqpol	reqpol_R1_fw.fastq.gz	reqpol_R1_rv.fastq.gz
TCGATCACGATGT	GTGYCAGCMGCCGCGGTAA	TGTCGATCTACAGC	GGACTACNVGGGTWTCTAAT	16S1	Tpos_BactZB_b	1	reqpol	reqpol_R1_fw.fastq.gz	reqpol_R1_rv.fastq.gz
CGATCGTCATCACG	GTGYCAGCMGCCGCGGTAA	TGTCGATCTACAGC	GGACTACNVGGGTWTCTAAT	16S1	Tneg_ext_280120	1	reqpol	reqpol_R1_fw.fastq.gz	reqpol_R1_rv.fastq.gz
GATCGACAGATC	GTGYCAGCMGCCGCGGTAA	TGTCGATCTACAGC	GGACTACNVGGGTWTCTAAT	16S1	Tneg_ext_040220	1	reqpol	reqpol_R1_fw.fastq.gz	reqpol_R1_rv.fastq.gz
ACGATCCACAGTG	GTGYCAGCMGCCGCGGTAA	TGTCGATCTACAGC	GGACTACNVGGGTWTCTAAT	16S1	Tneg_ext_100220	1	reqpol	reqpol_R1_fw.fastq.gz	reqpol_R1_rv.fastq.gz
TGATCGATGATCAG	GTGYCAGCMGCCGCGGTAA	TGTCGATCTACAGC	GGACTACNVGGGTWTCTAAT	16S1	Tneg_pai_280120	1	reqpol	reqpol_R1_fw.fastq.gz	reqpol_R1_rv.fastq.gz
CATCGAGTAGAG	GTGYCAGCMGCCGCGGTAA	TGTCGATCTACAGC	GGACTACNVGGGTWTCTAAT	16S1	Tneg_pai_040220	1	reqpol	reqpol_R1_fw.fastq.gz	reqpol_R1_rv.fastq.gz
GTCGATCATGTCA	GTGYCAGCMGCCGCGGTAA	TGTCGATCTACAGC	GGACTACNVGGGTWTCTAAT	16S1	Tneg_pai_100220	1	reqpol	reqpol_R1_fw.fastq.gz	reqpol_R1_rv.fastq.gz
AGATCGTACTAGCT	GTGYCAGCMGCCGCGGTAA	TGTCGATCTACAGC	GGACTACNVGGGTWTCTAAT	16S1	Tneg_pcr_REQPOL	1	reqpol	reqpol_R1_fw.fastq.gz	reqpol_R1_rv.fastq.gz
TCGATCACGATGT	GTGYCAGCMGCCGCGGTAA	TATCGACGATGT	GGACTACNVGGGTWTCTAAT	16S1	2201	2	reqpol	reqpol_R2_fw.fastq.gz	reqpol_R2_rv.fastq.gz
CGATCGTCATCACG	GTGYCAGCMGCCGCGGTAA	TATCGACGATGT	GGACTACNVGGGTWTCTAAT	16S1	2202	2	reqpol	reqpol_R2_fw.fastq.gz	reqpol_R2_rv.fastq.gz
GATCGACAGATC	GTGYCAGCMGCCGCGGTAA	TATCGACGATGT	GGACTACNVGGGTWTCTAAT	16S1	2203	2	reqpol	reqpol_R2_fw.fastq.gz	reqpol_R2_rv.fastq.gz
ACGATCCACAGTG	GTGYCAGCMGCCGCGGTAA	TATCGACGATGT	GGACTACNVGGGTWTCTAAT	16S1	2204	2	reqpol	reqpol_R2_fw.fastq.gz	reqpol_R2_rv.fastq.gz
TGATCGATGATCAG	GTGYCAGCMGCCGCGGTAA	TATCGACGATGT	GGACTACNVGGGTWTCTAAT	16S1	2205	2	reqpol	reqpol_R2_fw.fastq.gz	reqpol_R2_rv.fastq.gz
CATCGAGTAGAG	GTGYCAGCMGCCGCGGTAA	TATCGACGATGT	GGACTACNVGGGTWTCTAAT	16S1	2206	2	reqpol	reqpol_R2_fw.fastq.gz	reqpol_R2_rv.fastq.gz
GTCGATCATGTCA	GTGYCAGCMGCCGCGGTAA	TATCGACGATGT	GGACTACNVGGGTWTCTAAT	16S1	2207	2	reqpol	reqpol_R2_fw.fastq.gz	reqpol_R2_rv.fastq.gz
AGATCGTACTAGCT	GTGYCAGCMGCCGCGGTAA	TATCGACGATGT	GGACTACNVGGGTWTCTAAT	16S1	2208	2	reqpol	reqpol_R2_fw.fastq.gz	reqpol_R2_rv.fastq.gz
TCGATCACGATGT	GTGYCAGCMGCCGCGGTAA	CTCGATGATCACG	GGACTACNVGGGTWTCTAAT	16S1	2209	2	reqpol	reqpol_R2_fw.fastq.gz	reqpol_R2_rv.fastq.gz
CGATCGTCATCACG	GTGYCAGCMGCCGCGGTAA	CTCGATGATCACG	GGACTACNVGGGTWTCTAAT	16S1	2210	2	reqpol	reqpol_R2_fw.fastq.gz	reqpol_R2_rv.fastq.gz
GATCGACAGATC	GTGYCAGCMGCCGCGGTAA	CTCGATGATCACG	GGACTACNVGGGTWTCTAAT	16S1	2301	2	reqpol	reqpol_R2_fw.fastq.gz	reqpol_R2_rv.fastq.gz
ACGATCCACAGTG	GTGYCAGCMGCCGCGGTAA	CTCGATGATCACG	GGACTACNVGGGTWTCTAAT	16S1	2302	2	reqpol	reqpol_R2_fw.fastq.gz	reqpol_R2_rv.fastq.gz
TGATCGATGATCAG	GTGYCAGCMGCCGCGGTAA	CTCGATGATCACG	GGACTACNVGGGTWTCTAAT	16S1	2303	2	reqpol	reqpol_R2_fw.fastq.gz	reqpol_R2_rv.fastq.gz
CATCGAGTAGAG	GTGYCAGCMGCCGCGGTAA	CTCGATGATCACG	GGACTACNVGGGTWTCTAAT	16S1	2304	2	reqpol	reqpol_R2_fw.fastq.gz	reqpol_R2_rv.fastq.gz
GTCGATCATGTCA	GTGYCAGCMGCCGCGGTAA	CTCGATGATCACG	GGACTACNVGGGTWTCTAAT	16S1	2305	2	reqpol	reqpol_R2_fw.fastq.gz	reqpol_R2_rv.fastq.gz
AGATCGTACTAGCT	GTGYCAGCMGCCGCGGTAA	CTCGATGATCACG	GGACTACNVGGGTWTCTAAT	16S1	2401	2	reqpol	reqpol_R2_fw.fastq.gz	reqpol_R2_rv.fastq.gz
TCGATCACGATGT	GTGYCAGCMGCCGCGGTAA	GCGATCAGCAGATC	GGACTACNVGGGTWTCTAAT	16S1	2402	2	reqpol	reqpol_R2_fw.fastq.gz	reqpol_R2_rv.fastq.gz
CGATCGTCATCACG	GTGYCAGCMGCCGCGGTAA	GCGATCAGCAGATC	GGACTACNVGGGTWTCTAAT	16S1	2403	2	reqpol	reqpol_R2_fw.fastq.gz	reqpol_R2_rv.fastq.gz
GATCGACAGATC	GTGYCAGCMGCCGCGGTAA	GCGATCAGCAGATC	GGACTACNVGGGTWTCTAAT	16S1	2404	2	reqpol	reqpol_R2_fw.fastq.gz	reqpol_R2_rv.fastq.gz
ACGATCCACAGTG	GTGYCAGCMGCCGCGGTAA	GCGATCAGCAGATC	GGACTACNVGGGTWTCTAAT	16S1	Cor1_1_100	2	reqpol	reqpol_R2_fw.fastq.gz	reqpol_R2_rv.fastq.gz
TGATCGATGATCAG	GTGYCAGCMGCCGCGGTAA	GCGATCAGCAGATC	GGACTACNVGGGTWTCTAAT	16S1	4245_236	2	reqpol	reqpol_R2_fw.fastq.gz	reqpol_R2_rv.fastq.gz
CATCGAGTAGAG	GTGYCAGCMGCCGCGGTAA	GCGATCAGCAGATC	GGACTACNVGGGTWTCTAAT	16S1	4245_237	2	reqpol	reqpol_R2_fw.fastq.gz	reqpol_R2_rv.fastq.gz
GTCGATCATGTCA	GTGYCAGCMGCCGCGGTAA	GCGATCAGCAGATC	GGACTACNVGGGTWTCTAAT	16S1	4245_240	2	reqpol	reqpol_R2_fw.fastq.gz	reqpol_R2_rv.fastq.gz
AGATCGTACTAGCT	GTGYCAGCMGCCGCGGTAA	GCGATCAGCAGATC	GGACTACNVGGGTWTCTAAT	16S1	4245_256	2	reqpol	reqpol_R2_fw.fastq.gz	reqpol_R2_rv.fastq.gz
TCGATCACGATGT	GTGYCAGCMGCCGCGGTAA	ATATCGACAGTG	GGACTACNVGGGTWTCTAAT	16S1	4245_304	2	reqpol	reqpol_R2_fw.fastq.gz	reqpol_R2_rv.fastq.gz
CGATCGTCATCACG	GTGYCAGCMGCCGCGGTAA	ATATCGACAGTG	GGACTACNVGGGTWTCTAAT	16S1	4245_308	2	reqpol	reqpol_R2_fw.fastq.gz	reqpol_R2_rv.fastq.gz
GATCGACAGATC	GTGYCAGCMGCCGCGGTAA	ATATCGACAGTG	GGACTACNVGGGTWTCTAAT	16S1	4245_360	2	reqpol	reqpol_R2_fw.fastq.gz	reqpol_R2_rv.fastq.gz
ACGATCCACAGTG	GTGYCAGCMGCCGCGGTAA	ATATCGACAGTG	GGACTACNVGGGTWTCTAAT	16S1	4245_365	2	reqpol	reqpol_R2_fw.fastq.gz	reqpol_R2_rv.fastq.gz
TGATCGATGATCAG	GTGYCAGCMGCCGCGGTAA	ATATCGACAGTG	GGACTACNVGGGTWTCTAAT	16S1	4245_368	2	reqpol	reqpol_R2_fw.fastq.gz	reqpol_R2_rv.fastq.gz
CATCGAGTAGAG	GTGYCAGCMGCCGCGGTAA	ATATCGACAGTG	GGACTACNVGGGTWTCTAAT	16S1	Tpos_BactZB_a	2	reqpol	reqpol_R2_fw.fastq.gz	reqpol_R2_rv.fastq.gz
GTCGATCATGTCA	GTGYCAGCMGCCGCGGTAA	ATATCGACAGTG	GGACTACNVGGGTWTCTAAT	16S1	Make2	2	reqpol	reqpol_R2_fw.fastq.gz	reqpol_R2_rv.fastq.gz
AGATCGTACTAGCT	GTGYCAGCMGCCGCGGTAA	ATATCGACAGTG	GGACTACNVGGGTWTCTAAT	16S1	Make3	2	reqpol	reqpol_R2_fw.fastq.gz	reqpol_R2_rv.fastq.gz
TCGATCACGATGT	GTGYCAGCMGCCGCGGTAA	TCTCGATGATCAG	GGACTACNVGGGTWTCTAAT	16S1	Make4	2	reqpol	reqpol_R2_fw.fastq.gz	reqpol_R2_rv.fastq.gz
CGATCGTCATCACG	GTGYCAGCMGCCGCGGTAA	TCTCGATGATCAG	GGACTACNVGGGTWTCTAAT	16S1	Make5	2	reqpol	reqpol_R2_fw.fastq.gz	reqpol_R2_rv.fastq.gz
GATCGACAGATC	GTGYCAGCMGCCGCGGTAA	TCTCGATGATCAG	GGACTACNVGGGTWTCTAAT	16S1	Make6	2	reqpol	reqpol_R2_fw.fastq.gz	reqpol_R2_rv.fastq.gz
ACGATCCACAGTG	GTGYCAGCMGCCGCGGTAA	TCTCGATGATCAG	GGACTACNVGGGTWTCTAAT	16S1	0225_30	2	reqpol	reqpol_R2_fw.fastq.gz	reqpol_R2_rv.fastq.gz
TGATCGATGATCAG	GTGYCAGCMGCCGCGGTAA	TCTCGATGATCAG	GGACTACNVGGGTWTCTAAT	16S1	0225_31	2	reqpol	reqpol_R2_fw.fastq.gz	reqpol_R2_rv.fastq.gz
CATCGAGTAGAG	GTGYCAGCMGCCGCGGTAA	TCTCGATGATCAG	GGACTACNVGGGTWTCTAAT	16S1	0225_35	2	reqpol	reqpol_R2_fw.fastq.gz	reqpol_R2_rv.fastq.gz
GTCGATCATGTCA	GTGYCAGCMGCCGCGGTAA	TCTCGATGATCAG	GGACTACNVGGGTWTCTAAT	16S1	0225_37	2	reqpol	reqpol_R2_fw.fastq.gz	reqpol_R2_rv.fastq.gz
AGATCGTACTAGCT	GTGYCAGCMGCCGCGGTAA	TCTCGATGATCAG	GGACTACNVGGGTWTCTAAT	16S1	0225_39	2	reqpol	reqpol_R2_fw.fastq.gz	reqpol_R2_rv.fastq.gz
TCGATCACGATGT	GTGYCAGCMGCCGCGGTAA	CGCGATCTGTAGAG	GGACTACNVGGGTWTCTAAT	16S1	0305_41	2	reqpol	reqpol_R2_fw.fastq.gz	reqpol_R2_rv.fastq.gz
CGATCGTCATCACG	GTGYCAGCMGCCGCGGTAA	CGCGATCTGTAGAG	GGACTACNVGGGTWTCTAAT	16S1	Cor1_1_95	2	reqpol	reqpol_R2_fw.fastq.gz	reqpol_R2_rv.fastq.gz
GATCGACAGATC	GTGYCAGCMGCCGCGGTAA	CGCGATCTGTAGAG	GGACTACNVGGGTWTCTAAT	16S1	0305_42	2	reqpol	reqpol_R2_fw.fastq.gz	reqpol_R2_rv.fastq.gz
ACGATCCACAGTG	GTGYCAGCMGCCGCGGTAA	CGCGATCTGTAGAG	GGACTACNVGGGTWTCTAAT	16S1	0317_43	2	reqpol	reqpol_R2_fw.fastq.gz	reqpol_R2_rv.fastq.gz
TGATCGATGATCAG	GTGYCAGCMGCCGCGGTAA	CGCGATCTGTAGAG	GGACTACNVGGGTWTCTAAT	16S1	0628_01	2	reqpol	reqpol_R2_fw.fastq.gz	reqpol_R2_rv.fastq.gz
CATCGAGTAGAG	GTGYCAGCMGCCGCGGTAA	CGCGATCTGTAGAG	GGACTACNVGGGTWTCTAAT	16S1	0628_04	2	reqpol	reqpol_R2_fw.fastq.gz	reqpol_R2_rv.fastq.gz
GTCGATCATGTCA	GTGYCAGCMGCCGCGGTAA	CGCGATCTGTAGAG	GGACTACNVGGGTWTCTAAT	16S1	0628_05	2	reqpol	reqpol_R2_fw.fastq.gz	reqpol_R2_rv.fastq.gz
AGATCGTACTAGCT	GTGYCAGCMGCCGCGGTAA	CGCGATCTGTAGAG	GGACTACNVGGGTWTCTAAT	16S1	0630_01	2	reqpol	reqpol_R2_fw.fastq.gz	reqpol_R2_rv.fastq.gz
TCGATCACGATGT	GTGYCAGCMGCCGCGGTAA	GAGATCATGTCA	GGACTACNVGGGTWTCTAAT	16S1	0630_02	2	reqpol	reqpol_R2_fw.fastq.gz	reqpol_R2_rv.fastq.gz
CGATCGTCATCACG	GTGYCAGCMGCCGCGGTAA	GAGATCATGTCA	GGACTACNVGGGTWTCTAAT	16S1	0630_04	2	reqpol	reqpol_R2_fw.fastq.gz	reqpol_R2_rv.fastq.gz
GATCGACAGATC	GTGYCAGCMGCCGCGGTAA	GAGATCATGTCA	GGACTACNVGGGTWTCTAAT	16S1	0630_06	2	reqpol	reqpol_R2_fw.fastq.gz	reqpol_R2_rv.fastq.gz
ACGATCCACAGTG	GTGYCAGCMGCCGCGGTAA	GAGATCATGTCA	GGACTACNVGGGTWTCTAAT	16S1	0613_03	2	reqpol	reqpol_R2_fw.fastq.gz	reqpol_R2_rv.fastq.gz
TGATCGATGATCAG	GTGYCAGCMGCCGCGGTAA	GAGATCATGTCA	GGACTACNVGGGTWTCTAAT	16S1	0623_01	2	reqpol	reqpol_R2_fw.fastq.gz	reqpol_R2_rv.fastq.gz
CATCGAGTAGAG	GTGYCAGCMGCCGCGGTAA	GAGATCATGTCA	GGACTACNVGGGTWTCTAAT	16S1	0623_03	2	reqpol	reqpol_R2_fw.fastq.gz	reqpol_R2_rv.fastq.gz
GTCGATCATGTCA	GTGYCAGCMGCCGCGGTAA	GAGATCATGTCA	GGACTACNVGGGTWTCTAAT	16S1	0623_04	2	reqpol	reqpol_R2_fw.fastq.gz	reqpol_R2_rv.fastq.gz
AGATCGTACTAGCT	GTGYCAGCMGCCGCGGTAA	GAGATCATGTCA	GGACTACNVGGGTWTCTAAT	16S1	0623_07	2	reqpol	reqpol_R2_fw.fastq.gz	reqpol_R2_rv.fastq.gz
TCGATCACGATGT	GTGYCAGCMGCCGCGGTAA	ACATCGACGTACG	GGACTACNVGGGTWTCTAAT	16S1	0611_01	2	reqpol	reqpol_R2_fw.fastq.gz	reqpol_R2_rv.fastq.gz
CGATCGTCATCACG	GTGYCAGCMGCCGCGGTAA	ACATCGACGTACG	GGACTACNVGGGTWTCTAAT	16S1	0611_02	2	reqpol	reqpol_R2_fw.fastq.gz	reqpol_R2_rv.fastq.gz
GATCGACAGATC	GTGYCAGCMGCCGCGGTAA	ACATCGACGTACG	GGACTACNVGGGTWTCTAAT	16S1	0611_03	2	reqpol	reqpol_R2_fw.fastq.gz	reqpol_R2_rv.fastq.gz
ACGATCCACAGTG	GTGYCAGCMGCCGCGGTAA	ACATCGACGTACG	GGACTACNVGGGTWTCTAAT	16S1	0617_01	2	reqpol	reqpol_R2_fw.fastq.gz	reqpol_R2_rv.fastq.gz
TGATCGATGATCAG	GTGYCAGCMGCCGCGGTAA	ACATCGACGTACG	GGACTACNVGGGTWTCTAAT	16S1	0617_02	2	reqpol	reqpol_R2_fw.fastq.gz	reqpol_R2_rv.fastq.gz
CATCGAGTAGAG	GTGYCAGCMGCCGCGGTAA	ACATCGACGTACG	GGACTACNVGGGTWTCTAAT	16S1	0617_03	2	reqpol	reqpol_R2_fw.fastq.gz	reqpol_R2_rv.fastq.gz
GTCGATCATGTCA	GTGYCAGCMGCCGCGGTAA	ACATCGACGTACG	GGACTACNVGGGTWTCTAAT	16S1	0617_04	2	reqpol	reqpol_R2_fw.fastq.gz	reqpol_R2_rv.fastq.gz
AGATCGTACTAGCT	GTGYCAGCMGCCGCGGTAA	ACATCGACGTACG	GGACTACNVGGGTWTCTAAT	16S1	Ban_1_1BO	2	reqpol	reqpol_R2_fw.fastq.gz	reqpol_R2_rv.fastq.gz
TCGATCACGATGT	GTGYCAGCMGCCGCGGTAA	TGTCGATCTACAGC	GGACTACNVGGGTWTCTAAT	16S1	Tpos_BactZB_b	2	reqpol	reqpol_R2_fw.fastq.gz	reqpol_R2_rv.fastq.gz
CGATCGTCATCACG	GTGYCAGCMGCCGCGGTAA	TGTCGATCTACAGC	GGACTACNVGGGTWTCTAAT	16S1	Tneg_ext_280120	2	reqpol	reqpol_R2_fw.fastq.gz	reqpol_R2_rv.fastq.gz
GATCGACAGATC	GTGYCAGCMGCCGCGGTAA	TGTCGATCTACAGC	GGACTACNVGGGTWTCTAAT	16S1	Tneg_ext_040220	2	reqpol	reqpol_R2_fw.fastq.gz	reqpol_R2_rv.fastq.gz
ACGATCCACAGTG	GTGYCAGCMGCCGCGGTAA	TGTCGATCTACAGC	GGACTACNVGGGTWTCTAAT	16S1	Tneg_ext_100220	2	reqpol	reqpol_R2_fw.fastq.gz	reqpol_R2_rv.fastq.gz
TGATCGATGATCAG	GTGYCAGCMGCCGCGGTAA	TGTCGATCTACAGC	GGACTACNVGGGTWTCTAAT	16S1	Tneg_pai_280120	2	reqpol	reqpol_R2_fw.fastq.gz	reqpol_R2_rv.fastq.gz
CATCGAGTAGAG	GTGYCAGCMGCCGCGGTAA	TGTCGATCTACAGC	GGACTACNVGGGTWTCTAAT	16S1	Tneg_pai_040220	2	reqpol	reqpol_R2_fw.fastq.gz	reqpol_R2_rv.fastq.gz
GTCGATCATGTCA	GTGYCAGCMGCCGCGGTAA	TGTCGATCTACAGC	GGACTACNVGGGTWTCTAAT	16S1	Tneg_pai_100220	2	reqpol	reqpol_R2_fw.fastq.gz	reqpol_R2_rv.fastq.gz
AGATCGTACTAGCT	GTGYCAGCMGCCGCGGTAA	TGTCGATCTACAGC	GGACTACNVGGGTWTCTAAT	16S1	Tneg_pcr_REQPOL	2	reqpol	reqpol_R2_fw.fastq.gz	reqpol_R2_rv.fastq.gz
TCGATCACGATGT	GTGYCAGCMGCCGCGGTAA	TATCGACGATGT	GGACTACNVGGGTWTCTAAT	16S1	2201	3	reqpol	reqpol_R3_fw.fastq.gz	reqpol_R3_rv.fastq.gz
CGATCGTCATCACG	GTGYCAGCMGCCGCGGTAA	TATCGACGATGT	GGACTACNVGGGTWTCTAAT	16S1	2202	3	reqpol	reqpol_R3_fw.fastq.gz	reqpol_R3_rv.fastq.gz
GATCGACAGATC	GTGYCAGCMGCCGCGGTAA	TATCGACGATGT	GGACTACNVGGGTWTCTAAT	16S1	2203	3	reqpol	reqpol_R3_fw.fastq.gz	reqpol_R3_rv.fastq.gz
ACGATCCACAGTG	GTGYCAGCMGCCGCGGTAA	TATCGACGATGT	GGACTACNVGGGTWTCTAAT	16S1	2204	3	reqpol	reqpol_R3_fw.fastq.gz	reqpol_R3_rv.fastq.gz
TGATCGATGATCAG	GTGYCAGCMGCCGCGGTAA	TATCGACGATGT	GGACTACNVGGGTWTCTAAT	16S1	2205	3	reqpol	reqpol_R3_fw.fastq.gz	reqpol_R3_rv.fastq.gz
CATCGAGTAGAG	GTGYCAGCMGCCGCGGTAA	TATCGACGATGT	GGACTACNVGGGTWTCTAAT	16S1	2206	3	reqpol	reqpol_R3_fw.fastq.gz	reqpol_R3_rv.fastq.gz
GTCGATCATGTCA	GTGYCAGCMGCCGCGGTAA	TATCGACGATGT	GGACTACNVGGGTWTCTAAT	16S1	2207	3	reqpol	reqpol_R3_fw.fastq.gz	reqpol_R3_rv.fastq.gz
AGATCGTACTAGCT	GTGYCAGCMGCCGCGGTAA	TATCGACGATGT	GGACTACNVGGGTWTCTAAT	16S1	2208	3	reqpol	reqpol_R3_fw.fastq.gz	reqpol_R3_rv.fastq.gz
TCGATCACGATGT	GTGYCAGCMGCCGCGGTAA	CTCGATGATCACG	GGACTACNVGGGTWTCTAAT	16S1	2209	3	reqpol	reqpol_R3_fw.fastq.gz	reqpol_R3_rv.fastq.gz
CGATCGTCATCACG	GTGYCAGCMGCCGCGGTAA	CTCGATGATCACG	GGACTACNVGGGTWTCTAAT	16S1	2210	3	reqpol	reqpol_R3_fw.fastq.gz	reqpol_R3_rv.fastq.gz
GATCGACAGATC	GTGYCAGCMGCCGCGGTAA	CTCGATGATCACG	GGACTACNVGGGTWTCTAAT	16S1	2301	3	reqpol	reqpol_R3_fw.fastq.gz	reqpol_R3_rv.fastq.gz
ACGATCCACAGTG	GTGYCAGCMGCCGCGGTAA	CTCGATGATCACG	GGACTACNVGGGTWTCTAAT	16S1	2302	3	reqpol	reqpol_R3_fw.fastq.gz	reqpol_R3_rv.fastq.gz
TGATCGATGATCAG	GTGYCAGCMGCCGCGGTAA	CTCGATGATCACG	GGACTACNVGGGTWTCTAAT	16S1	2303	3	reqpol	reqpol_R3_fw.fastq.gz	reqpol_R3_rv.fastq.gz
CATCGAGTAGAG	GTGYCAGCMGCCGCGGTAA	CTCGATGATCACG	GGACTACNVGGGTWTCTAAT	16S1	2304	3	reqpol	reqpol_R3_fw.fastq.gz	reqpol_R3_rv.fastq.gz
GTCGATCATGTCA	GTGYCAGCMGCCGCGGTAA	CTCGATGATCACG	GGACTACNVGGGTWTCTAAT	16S1	2305	3	reqpol	reqpol_R3_fw.fastq.gz	reqpol_R3_rv.fastq.gz
AGATCGTACTAGCT	GTGYCAGCMGCCGCGGTAA	CTCGATGATCACG	GGACTACNVGGGTWTCTAAT	16S1	2401	3	reqpol	reqpol_R3_fw.fastq.gz	reqpol_R3_rv.fastq.gz
TCGATCACGATGT	GTGYCAGCMGCCGCGGTAA	GCGATCAGCAGATC	GGACTACNVGGGTWTCTAAT	16S1	2402	3	reqpol	reqpol_R3_fw.fastq.gz	reqpol_R3_rv.fastq.gz
CGATCGTCATCACG	GTGYCAGCMGCCGCGGTAA	GCGATCAGCAGATC	GGACTACNVGGGTWTCTAAT	16S1	2403	3	reqpol	reqpol_R3_fw.fastq.gz	reqpol_R3_rv.fastq.gz
GATCGACAGATC	GTGYCAGCMGCCGCGGTAA	GCGATCAGCAGATC	GGACTACNVGGGTWTCTAAT	16S1	2404	3	reqpol	reqpol_R3_fw.fastq.gz	reqpol_R3_rv.fastq.gz
ACGATCCACAGTG	GTGYCAGCMGCCGCGGTAA	GCGATCAGCAGATC	GGACTACNVGGGTWTCTAAT	16S1	Cor1_1_100	3	reqpol	reqpol_R3_fw.fastq.gz	reqpol_R3_rv.fastq.gz
TGATCGATGATCAG	GTGYCAGCMGCCGCGGTAA	GCGATCAGCAGATC	GGACTACNVGGGTWTCTAAT	16S1	4245_236	3	reqpol	reqpol_R3_fw.fastq.gz	reqpol_R3_rv.fastq.gz
CATCGAGTAGAG	GTGYCAGCMGCCGCGGTAA	GCGATCAGCAGATC	GGACTACNVGGGTWTCTAAT	16S1	4245_237	3	reqpol	reqpol_R3_fw.fastq.gz	reqpol_R3_rv.fastq.gz
GTCGATCATGTCA	GTGYCAGCMGCCGCGGTAA	GCGATCAGCAGATC	GGACTACNVGGGTWTCTAAT	16S1	4245_240	3	reqpol	reqpol_R3_fw.fastq.gz	reqpol_R3_rv.fastq.gz
AGATCGTACTAGCT	GTGYCAGCMGCCGCGGTAA	GCGATCAGCAGATC	GGACTACNVGGGTWTCTAAT	16S1	4245_256	3	reqpol	reqpol_R3_fw.fastq.gz	reqpol_R3_rv.fastq.gz
TCGATCACGATGT	GTGYCAGCMGCCGCGGTAA	ATATCGACAGTG	GGACTACNVGGGTWTCTAAT	16S1	4245_304	3	reqpol	reqpol_R3_fw.fastq.gz	reqpol_R3_rv.fastq.gz
CGATCGTCATCACG	GTGYCAGCMGCCGCGGTAA	ATATCGACAGTG	GGACTACNVGGGTWTCTAAT	16S1	4245_308	3	reqpol	reqpol_R3_fw.fastq.gz	reqpol_R3_rv.fastq.gz
GATCGACAGATC	GTGYCAGCMGCCGCGGTAA	ATATCGACAGTG	GGACTACNVGGGTWTCTAAT	16S1	4245_360	3	reqpol	reqpol_R3_fw.fastq.gz	reqpol_R3_rv.fastq.gz
ACGATCCACAGTG	GTGYCAGCMGCCGCGGTAA	ATATCGACAGTG	GGACTACNVGGGTWTCTAAT	16S1	4245_365	3	reqpol	reqpol_R3_fw.fastq.gz	reqpol_R3_rv.fastq.gz
TGATCGATGATCAG	GTGYCAGCMGCCGCGGTAA	ATATCGACAGTG	GGACTACNVGGGTWTCTAAT	16S1	4245_368	3	reqpol	reqpol_R3_fw.fastq.gz	reqpol_R3_rv.fastq.gz
CATCGAGTAGAG	GTGYCAGCMGCCGCGGTAA	ATATCGACAGTG	GGACTACNVGGGTWTCTAAT	16S1	Tpos_BactZB_a	3	reqpol	reqpol_R3_fw.fastq.gz	reqpol_R3_rv.fastq.gz
GTCGATCATGTCA	GTGYCAGCMGCCGCGGTAA	ATATCGACAGTG	GGACTACNVGGGTWTCTAAT	16S1	Make2	3	reqpol	reqpol_R3_fw.fastq.gz	reqpol_R3_rv.fastq.gz
AGATCGTACTAGCT	GTGYCAGCMGCCGCGGTAA	ATATCGACAGTG	GGACTACNVGGGTWTCTAAT	16S1	Make3	3	reqpol	reqpol_R3_fw.fastq.gz	reqpol_R3_rv.fastq.gz
TCGATCACGATGT	GTGYCAGCMGCCGCGGTAA	TCTCGATGATCAG	GGACTACNVGGGTWTCTAAT	16S1	Make4	3	reqpol	reqpol_R3_fw.fastq.gz	reqpol_R3_rv.fastq.gz
CGATCGTCATCACG	GTGYCAGCMGCCGCGGTAA	TCTCGATGATCAG	GGACTACNVGGGTWTCTAAT	16S1	Make5	3	reqpol	reqpol_R3_fw.fastq.gz	reqpol_R3_rv.fastq.gz
GATCGACAGATC	GTGYCAGCMGCCGCGGTAA	TCTCGATGATCAG	GGACTACNVGGGTWTCTAAT	16S1	Make6	3	reqpol	reqpol_R3_fw.fastq.gz	reqpol_R3_rv.fastq.gz
ACGATCCACAGTG	GTGYCAGCMGCCGCGGTAA	TCTCGATGATCAG	GGACTACNVGGGTWTCTAAT	16S1	0225_30	3	reqpol	reqpol_R3_fw.fastq.gz	reqpol_R3_rv.fastq.gz
TGATCGATGATCAG	GTGYCAGCMGCCGCGGTAA	TCTCGATGATCAG	GGACTACNVGGGTWTCTAAT	16S1	0225_31	3	reqpol	reqpol_R3_fw.fastq.gz	reqpol_R3_rv.fastq.gz
CATCGAGTAGAG	GTGYCAGCMGCCGCGGTAA	TCTCGATGATCAG	GGACTACNVGGGTWTCTAAT	16S1	0225_35	3	reqpol	reqpol_R3_fw.fastq.gz	reqpol_R3_rv.fastq.gz
GTCGATCATGTCA	GTGYCAGCMGCCGCGGTAA	TCTCGATGATCAG	GGACTACNVGGGTWTCTAAT	16S1	0225_37	3	reqpol	reqpol_R3_fw.fastq.gz	reqpol_R3_rv.fastq.gz
AGATCGTACTAGCT	GTGYCAGCMGCCGCGGTAA	TCTCGATGATCAG	GGACTACNVGGGTWTCTAAT	16S1	0225_39	3	reqpol	reqpol_R3_fw.fastq.gz	reqpol_R3_rv.fastq.gz
TCGATCACGATGT	GTGYCAGCMGCCGCGGTAA	CGCGATCTGTAGAG	GGACTACNVGGGTWTCTAAT	16S1	0305_41	3	reqpol	reqpol_R3_fw.fastq.gz	reqpol_R3_rv.fastq.gz
CGATCGTCATCACG	GTGYCAGCMGCCGCGGTAA	CGCGATCTGTAGAG	GGACTACNVGGGTWTCTAAT	16S1	Cor1_1_95	3	reqpol	reqpol_R3_fw.fastq.gz	reqpol_R3_rv.fastq.gz
GATCGACAGATC	GTGYCAGCMGCCGCGGTAA	CGCGATCTGTAGAG	GGACTACNVGGGTWTCTAAT	16S1	0305_42	3	reqpol	reqpol_R3_fw.fastq.gz	reqpol_R3_rv.fastq.gz
ACGATCCACAGTG	GTGYCAGCMGCCGCGGTAA	CGCGATCTGTAGAG	GGACTACNVGGGTWTCTAAT	16S1	0317_43	3	reqpol	reqpol_R3_fw.fastq.gz	reqpol_R3_rv.fastq.gz
TGATCGATGATCAG	GTGYCAGCMGCCGCGGTAA	CGCGATCTGTAGAG	GGACTACNVGGGTWTCTAAT	16S1	0628_01	3	reqpol	reqpol_R3_fw.fastq.gz	reqpol_R3_rv.fastq.gz
CATCGAGTAGAG	GTGYCAGCMGCCGCGGTAA	CGCGATCTGTAGAG	GGACTACNVGGGTWTCTAAT	16S1	0628_04	3	reqpol	reqpol_R3_fw.fastq.gz	reqpol_R3_rv.fastq.gz
GTCGATCATGTCA	GTGYCAGCMGCCGCGGTAA	CGCGATCTGTAGAG	GGACTACNVGGGTWTCTAAT	16S1	0628_05	3	reqpol	reqpol_R3_fw.fastq.gz	reqpol_R3_rv.fastq.gz
AGATCGTACTAGCT	GTGYCAGCMGCCGCGGTAA	CGCGATCTGTAGAG	GGACTACNVGGGTWTCTAAT	16S1	0630_01	3	reqpol	reqpol_R3_fw.fastq.gz	reqpol_R3_rv.fastq.gz
TCGATCACGATGT	GTGYCAGCMGCCGCGGTAA	GAGATCATGTCA	GGACTACNVGGGTWTCTAAT	16S1	0630_02	3	reqpol	reqpol_R3_fw.fastq.gz	reqpol_R3_rv.fastq.gz
CGATCGTCATCACG	GTGYCAGCMGCCGCGGTAA	GAGATCATGTCA	GGACTACNVGGGTWTCTAAT	16S1	0630_04	3	reqpol	reqpol_R3_fw.fastq.gz	reqpol_R3_rv.fastq.gz
GATCGACAGATC	GTGYCAGCMGCCGCGGTAA	GAGATCATGTCA	GGACTACNVGGGTWTCTAAT	16S1	0630_06	3	reqpol	reqpol_R3_fw.fastq.gz	reqpol_R3_rv.fastq.gz
ACGATCCACAGTG	GTGYCAGCMGCCGCGGTAA	GAGATCATGTCA	GGACTACNVGGGTWTCTAAT	16S1	0613_03	3	reqpol	reqpol_R3_fw.fastq.gz	reqpol_R3_rv.fastq.gz
TGATCGATGATCAG	GTGYCAGCMGCCGCGGTAA	GAGATCATGTCA	GGACTACNVGGGTWTCTAAT	16S1	0623_01	3	reqpol	reqpol_R3_fw.fastq.gz	reqpol_R3_rv.fastq.gz
CATCGAGTAGAG	GTGYCAGCMGCCGCGGTAA	GAGATCATGTCA	GGACTACNVGGGTWTCTAAT	16S1	0623_03	3	reqpol	reqpol_R3_fw.fastq.gz	reqpol_R3_rv.fastq.gz
GTCGATCATGTCA	GTGYCAGCMGCCGCGGTAA	GAGATCATGTCA	GGACTACNVGGGTWTCTAAT	16S1	0623_04	3	reqpol	reqpol_R3_fw.fastq.gz	reqpol_R3_rv.fastq.gz
AGATCGTACTAGCT	GTGYCAGCMGCCGCGGTAA	GAGATCATGTCA	GGACTACNVGGGTWTCTAAT	16S1	0623_07	3	reqpol	reqpol_R3_fw.fastq.gz	reqpol_R3_rv.fastq.gz
TCGATCACGATGT	GTGYCAGCMGCCGCGGTAA	ACATCGACGTACG	GGACTACNVGGGTWTCTAAT	16S1	0611_01	3	reqpol	reqpol_R3_fw.fastq.gz	reqpol_R3_rv.fastq.gz
CGATCGTCATCACG	GTGYCAGCMGCCGCGGTAA	ACATCGACGTACG	GGACTACNVGGGTWTCTAAT	16S1	0611_02	3	reqpol	reqpol_R3_fw.fastq.gz	reqpol_R3_rv.fastq.gz
GATCGACAGATC	GTGYCAGCMGCCGCGGTAA	ACATCGACGTACG	GGACTACNVGGGTWTCTAAT	16S1	0611_03	3	reqpol	reqpol_R3_fw.fastq.gz	reqpol_R3_rv.fastq.gz
ACGATCCACAGTG	GTGYCAGCMGCCGCGGTAA	ACATCGACGTACG	GGACTACNVGGGTWTCTAAT	16S1	0617_01	3	reqpol	reqpol_R3_fw.fastq.gz	reqpol_R3_rv.fastq.gz
TGATCGATGATCAG	GTGYCAGCMGCCGCGGTAA	ACATCGACGTACG	GGACTACNVGGGTWTCTAAT	16S1	0617_02	3	reqpol	reqpol_R3_fw.fastq.gz	reqpol_R3_rv.fastq.gz
CATCGAGTAGAG	GTGYCAGCMGCCGCGGTAA	ACATCGACGTACG	GGACTACNVGGGTWTCTAAT	16S1	0617_03	3	reqpol	reqpol_R3_fw.fastq.gz	reqpol_R3_rv.fastq.gz
GTCGATCATGTCA	GTGYCAGCMGCCGCGGTAA	ACATCGACGTACG	GGACTACNVGGGTWTCTAAT	16S1	0617_04	3	reqpol	reqpol_R3_fw.fastq.gz	reqpol_R3_rv.fastq.gz
AGATCGTACTAGCT	GTGYCAGCMGCCGCGGTAA	ACATCGACGTACG	GGACTACNVGGGTWTCTAAT	16S1	Ban_1_1BO	3	reqpol	reqpol_R3_fw.fastq.gz	reqpol_R3_rv.fastq.gz
TCGATCACGATGT	GTGYCAGCMGCCGCGGTAA	TGTCGATCTACAGC	GGACTACNVGGGTWTCTAAT	16S1	Tpos_BactZB_b	3	reqpol	reqpol_R3_fw.fastq.gz	reqpol_R3_rv.fastq.gz
CGATCGTCATCACG	GTGYCAGCMGCCGCGGTAA	TGTCGATCTACAGC	GGACTACNVGGGTWTCTAAT	16S1	Tneg_ext_280120	3	reqpol	reqpol_R3_fw.fastq.gz	reqpol_R3_rv.fastq.gz
GATCGACAGATC	GTGYCAGCMGCCGCGGTAA	TGTCGATCTACAGC	GGACTACNVGGGTWTCTAAT	16S1	Tneg_ext_040220	3	reqpol	reqpol_R3_fw.fastq.gz	reqpol_R3_rv.fastq.gz
ACGATCCACAGTG	GTGYCAGCMGCCGCGGTAA	TGTCGATCTACAGC	GGACTACNVGGGTWTCTAAT	16S1	Tneg_ext_100220	3	reqpol	reqpol_R3_fw.fastq.gz	reqpol_R3_rv.fastq.gz
TGATCGATGATCAG	GTGYCAGCMGCCGCGGTAA	TGTCGATCTACAGC	GGACTACNVGGGTWTCTAAT	16S1	Tneg_pai_280120	3	reqpol	reqpol_R3_fw.fastq.gz	reqpol_R3_rv.fastq.gz
CATCGAGTAGAG	GTGYCAGCMGCCGCGGTAA	TGTCGATCTACAGC	GGACTACNVGGGTWTCTAAT	16S1	Tneg_pai_040220	3	reqpol	reqpol_R3_fw.fastq.gz	reqpol_R3_rv.fastq.gz
GTCGATCATGTCA	GTGYCAGCMGCCGCGGTAA	TGTCGATCTACAGC	GGACTACNVGGGTWTCTAAT	16S1	Tneg_pai_100220	3	reqpol	reqpol_R3_fw.fastq.gz	reqpol_R3_rv.fastq.gz
AGATCGTACTAGCT	GTGYCAGCMGCCGCGGTAA	TGTCGATCTACAGC	GGACTACNVGGGTWTCTAAT	16S1	Tneg_pcr_REQPOL	3	reqpol	reqpol_R3_fw.fastq.gz	reqpol_R3_rv.fastq.gz
