pcr	sample_id	type	control_type	tag_fwd	tag_rev	primer_fwd	primer_rev	plate_no	plate_col	plate_row
2201-1	2201	sample	NA	dummy1	dummy1	GTGYCAGCMGCCGCGGTAA	GGACTACNVGGGTWTCTAAT	1	1	A
2202-1	2202	sample	NA	dummy2	dummy2	GTGYCAGCMGCCGCGGTAA	GGACTACNVGGGTWTCTAAT	1	2	A
2203-1	2203	sample	NA	dummy3	dummy3	GTGYCAGCMGCCGCGGTAA	GGACTACNVGGGTWTCTAAT	1	3	A
2204-1	2204	sample	NA	dummy4	dummy4	GTGYCAGCMGCCGCGGTAA	GGACTACNVGGGTWTCTAAT	1	4	A
2205-1	2205	sample	NA	dummy5	dummy5	GTGYCAGCMGCCGCGGTAA	GGACTACNVGGGTWTCTAAT	1	5	A
2206-1	2206	sample	NA	dummy6	dummy6	GTGYCAGCMGCCGCGGTAA	GGACTACNVGGGTWTCTAAT	1	6	A
2207-1	2207	sample	NA	dummy7	dummy7	GTGYCAGCMGCCGCGGTAA	GGACTACNVGGGTWTCTAAT	1	7	A
2208-1	2208	sample	NA	dummy8	dummy8	GTGYCAGCMGCCGCGGTAA	GGACTACNVGGGTWTCTAAT	1	8	A
2209-1	2209	sample	NA	dummy9	dummy9	GTGYCAGCMGCCGCGGTAA	GGACTACNVGGGTWTCTAAT	1	1	B
2210-1	2210	sample	NA	dummy10	dummy10	GTGYCAGCMGCCGCGGTAA	GGACTACNVGGGTWTCTAAT	1	2	B
2301-1	2301	sample	NA	dummy11	dummy11	GTGYCAGCMGCCGCGGTAA	GGACTACNVGGGTWTCTAAT	1	3	B
2302-1	2302	sample	NA	dummy12	dummy12	GTGYCAGCMGCCGCGGTAA	GGACTACNVGGGTWTCTAAT	1	4	B
2303-1	2303	sample	NA	dummy13	dummy13	GTGYCAGCMGCCGCGGTAA	GGACTACNVGGGTWTCTAAT	1	5	B
2304-1	2304	sample	NA	dummy14	dummy14	GTGYCAGCMGCCGCGGTAA	GGACTACNVGGGTWTCTAAT	1	6	B
2305-1	2305	sample	NA	dummy15	dummy15	GTGYCAGCMGCCGCGGTAA	GGACTACNVGGGTWTCTAAT	1	7	B
2401-1	2401	sample	NA	dummy16	dummy16	GTGYCAGCMGCCGCGGTAA	GGACTACNVGGGTWTCTAAT	1	8	B
2402-1	2402	sample	NA	dummy17	dummy17	GTGYCAGCMGCCGCGGTAA	GGACTACNVGGGTWTCTAAT	1	1	C
2403-1	2403	sample	NA	dummy18	dummy18	GTGYCAGCMGCCGCGGTAA	GGACTACNVGGGTWTCTAAT	1	2	C
2404-1	2404	sample	NA	dummy19	dummy19	GTGYCAGCMGCCGCGGTAA	GGACTACNVGGGTWTCTAAT	1	3	C
Cor1_1_100-1	Cor1_1_100	sample	NA	dummy20	dummy20	GTGYCAGCMGCCGCGGTAA	GGACTACNVGGGTWTCTAAT	1	4	C
4245_236-1	4245_236	sample	NA	dummy21	dummy21	GTGYCAGCMGCCGCGGTAA	GGACTACNVGGGTWTCTAAT	1	5	C
4245_237-1	4245_237	sample	NA	dummy22	dummy22	GTGYCAGCMGCCGCGGTAA	GGACTACNVGGGTWTCTAAT	1	6	C
4245_240-1	4245_240	sample	NA	dummy23	dummy23	GTGYCAGCMGCCGCGGTAA	GGACTACNVGGGTWTCTAAT	1	7	C
4245_256-1	4245_256	sample	NA	dummy24	dummy24	GTGYCAGCMGCCGCGGTAA	GGACTACNVGGGTWTCTAAT	1	8	C
4245_304-1	4245_304	sample	NA	dummy25	dummy25	GTGYCAGCMGCCGCGGTAA	GGACTACNVGGGTWTCTAAT	1	1	D
4245_308-1	4245_308	sample	NA	dummy26	dummy26	GTGYCAGCMGCCGCGGTAA	GGACTACNVGGGTWTCTAAT	1	2	D
4245_360-1	4245_360	sample	NA	dummy27	dummy27	GTGYCAGCMGCCGCGGTAA	GGACTACNVGGGTWTCTAAT	1	3	D
4245_365-1	4245_365	sample	NA	dummy28	dummy28	GTGYCAGCMGCCGCGGTAA	GGACTACNVGGGTWTCTAAT	1	4	D
4245_368-1	4245_368	sample	NA	dummy29	dummy29	GTGYCAGCMGCCGCGGTAA	GGACTACNVGGGTWTCTAAT	1	5	D
Tpos_BactZB_a-1	Tpos_BactZB_a	control	positive	dummy30	dummy30	GTGYCAGCMGCCGCGGTAA	GGACTACNVGGGTWTCTAAT	1	6	D
Make2-1	Make2	sample	NA	dummy31	dummy31	GTGYCAGCMGCCGCGGTAA	GGACTACNVGGGTWTCTAAT	1	7	D
Make3-1	Make3	sample	NA	dummy32	dummy32	GTGYCAGCMGCCGCGGTAA	GGACTACNVGGGTWTCTAAT	1	8	D
Make4-1	Make4	sample	NA	dummy33	dummy33	GTGYCAGCMGCCGCGGTAA	GGACTACNVGGGTWTCTAAT	1	1	E
Make5-1	Make5	sample	NA	dummy34	dummy34	GTGYCAGCMGCCGCGGTAA	GGACTACNVGGGTWTCTAAT	1	2	E
Make6-1	Make6	sample	NA	dummy35	dummy35	GTGYCAGCMGCCGCGGTAA	GGACTACNVGGGTWTCTAAT	1	3	E
0225_30-1	0225_30	sample	NA	dummy36	dummy36	GTGYCAGCMGCCGCGGTAA	GGACTACNVGGGTWTCTAAT	1	4	E
0225_31-1	0225_31	sample	NA	dummy37	dummy37	GTGYCAGCMGCCGCGGTAA	GGACTACNVGGGTWTCTAAT	1	5	E
0225_35-1	0225_35	sample	NA	dummy38	dummy38	GTGYCAGCMGCCGCGGTAA	GGACTACNVGGGTWTCTAAT	1	6	E
0225_37-1	0225_37	sample	NA	dummy39	dummy39	GTGYCAGCMGCCGCGGTAA	GGACTACNVGGGTWTCTAAT	1	7	E
0225_39-1	0225_39	sample	NA	dummy40	dummy40	GTGYCAGCMGCCGCGGTAA	GGACTACNVGGGTWTCTAAT	1	8	E
0305_41-1	0305_41	sample	NA	dummy41	dummy41	GTGYCAGCMGCCGCGGTAA	GGACTACNVGGGTWTCTAAT	1	1	F
Cor1_1_95-1	Cor1_1_95	sample	NA	dummy42	dummy42	GTGYCAGCMGCCGCGGTAA	GGACTACNVGGGTWTCTAAT	1	2	F
0305_42-1	0305_42	sample	NA	dummy43	dummy43	GTGYCAGCMGCCGCGGTAA	GGACTACNVGGGTWTCTAAT	1	3	F
0317_43-1	0317_43	sample	NA	dummy44	dummy44	GTGYCAGCMGCCGCGGTAA	GGACTACNVGGGTWTCTAAT	1	4	F
0628_01-1	0628_01	sample	NA	dummy45	dummy45	GTGYCAGCMGCCGCGGTAA	GGACTACNVGGGTWTCTAAT	1	5	F
0628_04-1	0628_04	sample	NA	dummy46	dummy46	GTGYCAGCMGCCGCGGTAA	GGACTACNVGGGTWTCTAAT	1	6	F
0628_05-1	0628_05	sample	NA	dummy47	dummy47	GTGYCAGCMGCCGCGGTAA	GGACTACNVGGGTWTCTAAT	1	7	F
0630_01-1	0630_01	sample	NA	dummy48	dummy48	GTGYCAGCMGCCGCGGTAA	GGACTACNVGGGTWTCTAAT	1	8	F
0630_02-1	0630_02	sample	NA	dummy49	dummy49	GTGYCAGCMGCCGCGGTAA	GGACTACNVGGGTWTCTAAT	2	1	A
0630_04-1	0630_04	sample	NA	dummy50	dummy50	GTGYCAGCMGCCGCGGTAA	GGACTACNVGGGTWTCTAAT	2	2	A
0630_06-1	0630_06	sample	NA	dummy51	dummy51	GTGYCAGCMGCCGCGGTAA	GGACTACNVGGGTWTCTAAT	2	3	A
0613_03-1	0613_03	sample	NA	dummy52	dummy52	GTGYCAGCMGCCGCGGTAA	GGACTACNVGGGTWTCTAAT	2	4	A
0623_01-1	0623_01	sample	NA	dummy53	dummy53	GTGYCAGCMGCCGCGGTAA	GGACTACNVGGGTWTCTAAT	2	5	A
0623_03-1	0623_03	sample	NA	dummy54	dummy54	GTGYCAGCMGCCGCGGTAA	GGACTACNVGGGTWTCTAAT	2	6	A
0623_04-1	0623_04	sample	NA	dummy55	dummy55	GTGYCAGCMGCCGCGGTAA	GGACTACNVGGGTWTCTAAT	2	7	A
0623_07-1	0623_07	sample	NA	dummy56	dummy56	GTGYCAGCMGCCGCGGTAA	GGACTACNVGGGTWTCTAAT	2	8	A
0611_01-1	0611_01	sample	NA	dummy57	dummy57	GTGYCAGCMGCCGCGGTAA	GGACTACNVGGGTWTCTAAT	2	1	B
0611_02-1	0611_02	sample	NA	dummy58	dummy58	GTGYCAGCMGCCGCGGTAA	GGACTACNVGGGTWTCTAAT	2	2	B
0611_03-1	0611_03	sample	NA	dummy59	dummy59	GTGYCAGCMGCCGCGGTAA	GGACTACNVGGGTWTCTAAT	2	3	B
0617_01-1	0617_01	sample	NA	dummy60	dummy60	GTGYCAGCMGCCGCGGTAA	GGACTACNVGGGTWTCTAAT	2	4	B
0617_02-1	0617_02	sample	NA	dummy61	dummy61	GTGYCAGCMGCCGCGGTAA	GGACTACNVGGGTWTCTAAT	2	5	B
0617_03-1	0617_03	sample	NA	dummy62	dummy62	GTGYCAGCMGCCGCGGTAA	GGACTACNVGGGTWTCTAAT	2	6	B
0617_04-1	0617_04	sample	NA	dummy63	dummy63	GTGYCAGCMGCCGCGGTAA	GGACTACNVGGGTWTCTAAT	2	7	B
Ban_1_1BO-1	Ban_1_1BO	sample	NA	dummy64	dummy64	GTGYCAGCMGCCGCGGTAA	GGACTACNVGGGTWTCTAAT	2	8	B
Tpos_BactZB_b-1	Tpos_BactZB_b	control	positive	dummy65	dummy65	GTGYCAGCMGCCGCGGTAA	GGACTACNVGGGTWTCTAAT	2	1	C
Tneg_ext_280120-1	Tneg_ext_280120	control	extraction	dummy66	dummy66	GTGYCAGCMGCCGCGGTAA	GGACTACNVGGGTWTCTAAT	2	2	C
Tneg_ext_040220-1	Tneg_ext_040220	control	extraction	dummy67	dummy67	GTGYCAGCMGCCGCGGTAA	GGACTACNVGGGTWTCTAAT	2	3	C
Tneg_ext_100220-1	Tneg_ext_100220	control	extraction	dummy68	dummy68	GTGYCAGCMGCCGCGGTAA	GGACTACNVGGGTWTCTAAT	2	4	C
Tneg_pai_280120-1	Tneg_pai_280120	control	extraction	dummy69	dummy69	GTGYCAGCMGCCGCGGTAA	GGACTACNVGGGTWTCTAAT	2	5	C
Tneg_pai_040220-1	Tneg_pai_040220	control	extraction	dummy70	dummy70	GTGYCAGCMGCCGCGGTAA	GGACTACNVGGGTWTCTAAT	2	6	C
Tneg_pai_100220-1	Tneg_pai_100220	control	extraction	dummy71	dummy71	GTGYCAGCMGCCGCGGTAA	GGACTACNVGGGTWTCTAAT	2	7	C
Tneg_pcr_REQPOL-1	Tneg_pcr_REQPOL	control	pcr	dummy72	dummy72	GTGYCAGCMGCCGCGGTAA	GGACTACNVGGGTWTCTAAT	2	8	C
2201-2	2201	sample	NA	dummy73	dummy73	GTGYCAGCMGCCGCGGTAA	GGACTACNVGGGTWTCTAAT	2	1	D
2202-2	2202	sample	NA	dummy74	dummy74	GTGYCAGCMGCCGCGGTAA	GGACTACNVGGGTWTCTAAT	2	2	D
2203-2	2203	sample	NA	dummy75	dummy75	GTGYCAGCMGCCGCGGTAA	GGACTACNVGGGTWTCTAAT	2	3	D
2204-2	2204	sample	NA	dummy76	dummy76	GTGYCAGCMGCCGCGGTAA	GGACTACNVGGGTWTCTAAT	2	4	D
2205-2	2205	sample	NA	dummy77	dummy77	GTGYCAGCMGCCGCGGTAA	GGACTACNVGGGTWTCTAAT	2	5	D
2206-2	2206	sample	NA	dummy78	dummy78	GTGYCAGCMGCCGCGGTAA	GGACTACNVGGGTWTCTAAT	2	6	D
2207-2	2207	sample	NA	dummy79	dummy79	GTGYCAGCMGCCGCGGTAA	GGACTACNVGGGTWTCTAAT	2	7	D
2208-2	2208	sample	NA	dummy80	dummy80	GTGYCAGCMGCCGCGGTAA	GGACTACNVGGGTWTCTAAT	2	8	D
2209-2	2209	sample	NA	dummy81	dummy81	GTGYCAGCMGCCGCGGTAA	GGACTACNVGGGTWTCTAAT	2	1	E
2210-2	2210	sample	NA	dummy82	dummy82	GTGYCAGCMGCCGCGGTAA	GGACTACNVGGGTWTCTAAT	2	2	E
2301-2	2301	sample	NA	dummy83	dummy83	GTGYCAGCMGCCGCGGTAA	GGACTACNVGGGTWTCTAAT	2	3	E
2302-2	2302	sample	NA	dummy84	dummy84	GTGYCAGCMGCCGCGGTAA	GGACTACNVGGGTWTCTAAT	2	4	E
2303-2	2303	sample	NA	dummy85	dummy85	GTGYCAGCMGCCGCGGTAA	GGACTACNVGGGTWTCTAAT	2	5	E
2304-2	2304	sample	NA	dummy86	dummy86	GTGYCAGCMGCCGCGGTAA	GGACTACNVGGGTWTCTAAT	2	6	E
2305-2	2305	sample	NA	dummy87	dummy87	GTGYCAGCMGCCGCGGTAA	GGACTACNVGGGTWTCTAAT	2	7	E
2401-2	2401	sample	NA	dummy88	dummy88	GTGYCAGCMGCCGCGGTAA	GGACTACNVGGGTWTCTAAT	2	8	E
2402-2	2402	sample	NA	dummy89	dummy89	GTGYCAGCMGCCGCGGTAA	GGACTACNVGGGTWTCTAAT	2	1	F
2403-2	2403	sample	NA	dummy90	dummy90	GTGYCAGCMGCCGCGGTAA	GGACTACNVGGGTWTCTAAT	2	2	F
2404-2	2404	sample	NA	dummy91	dummy91	GTGYCAGCMGCCGCGGTAA	GGACTACNVGGGTWTCTAAT	2	3	F
Cor1_1_100-2	Cor1_1_100	sample	NA	dummy92	dummy92	GTGYCAGCMGCCGCGGTAA	GGACTACNVGGGTWTCTAAT	2	4	F
4245_236-2	4245_236	sample	NA	dummy93	dummy93	GTGYCAGCMGCCGCGGTAA	GGACTACNVGGGTWTCTAAT	2	5	F
4245_237-2	4245_237	sample	NA	dummy94	dummy94	GTGYCAGCMGCCGCGGTAA	GGACTACNVGGGTWTCTAAT	2	6	F
4245_240-2	4245_240	sample	NA	dummy95	dummy95	GTGYCAGCMGCCGCGGTAA	GGACTACNVGGGTWTCTAAT	2	7	F
4245_256-2	4245_256	sample	NA	dummy96	dummy96	GTGYCAGCMGCCGCGGTAA	GGACTACNVGGGTWTCTAAT	2	8	F
4245_304-2	4245_304	sample	NA	dummy97	dummy97	GTGYCAGCMGCCGCGGTAA	GGACTACNVGGGTWTCTAAT	3	1	A
4245_308-2	4245_308	sample	NA	dummy98	dummy98	GTGYCAGCMGCCGCGGTAA	GGACTACNVGGGTWTCTAAT	3	2	A
4245_360-2	4245_360	sample	NA	dummy99	dummy99	GTGYCAGCMGCCGCGGTAA	GGACTACNVGGGTWTCTAAT	3	3	A
4245_365-2	4245_365	sample	NA	dummy100	dummy100	GTGYCAGCMGCCGCGGTAA	GGACTACNVGGGTWTCTAAT	3	4	A
4245_368-2	4245_368	sample	NA	dummy101	dummy101	GTGYCAGCMGCCGCGGTAA	GGACTACNVGGGTWTCTAAT	3	5	A
Tpos_BactZB_a-2	Tpos_BactZB_a	control	positive	dummy102	dummy102	GTGYCAGCMGCCGCGGTAA	GGACTACNVGGGTWTCTAAT	3	6	A
Make2-2	Make2	sample	NA	dummy103	dummy103	GTGYCAGCMGCCGCGGTAA	GGACTACNVGGGTWTCTAAT	3	7	A
Make3-2	Make3	sample	NA	dummy104	dummy104	GTGYCAGCMGCCGCGGTAA	GGACTACNVGGGTWTCTAAT	3	8	A
Make4-2	Make4	sample	NA	dummy105	dummy105	GTGYCAGCMGCCGCGGTAA	GGACTACNVGGGTWTCTAAT	3	1	B
Make5-2	Make5	sample	NA	dummy106	dummy106	GTGYCAGCMGCCGCGGTAA	GGACTACNVGGGTWTCTAAT	3	2	B
Make6-2	Make6	sample	NA	dummy107	dummy107	GTGYCAGCMGCCGCGGTAA	GGACTACNVGGGTWTCTAAT	3	3	B
0225_30-2	0225_30	sample	NA	dummy108	dummy108	GTGYCAGCMGCCGCGGTAA	GGACTACNVGGGTWTCTAAT	3	4	B
0225_31-2	0225_31	sample	NA	dummy109	dummy109	GTGYCAGCMGCCGCGGTAA	GGACTACNVGGGTWTCTAAT	3	5	B
0225_35-2	0225_35	sample	NA	dummy110	dummy110	GTGYCAGCMGCCGCGGTAA	GGACTACNVGGGTWTCTAAT	3	6	B
0225_37-2	0225_37	sample	NA	dummy111	dummy111	GTGYCAGCMGCCGCGGTAA	GGACTACNVGGGTWTCTAAT	3	7	B
0225_39-2	0225_39	sample	NA	dummy112	dummy112	GTGYCAGCMGCCGCGGTAA	GGACTACNVGGGTWTCTAAT	3	8	B
0305_41-2	0305_41	sample	NA	dummy113	dummy113	GTGYCAGCMGCCGCGGTAA	GGACTACNVGGGTWTCTAAT	3	1	C
Cor1_1_95-2	Cor1_1_95	sample	NA	dummy114	dummy114	GTGYCAGCMGCCGCGGTAA	GGACTACNVGGGTWTCTAAT	3	2	C
0305_42-2	0305_42	sample	NA	dummy115	dummy115	GTGYCAGCMGCCGCGGTAA	GGACTACNVGGGTWTCTAAT	3	3	C
0317_43-2	0317_43	sample	NA	dummy116	dummy116	GTGYCAGCMGCCGCGGTAA	GGACTACNVGGGTWTCTAAT	3	4	C
0628_01-2	0628_01	sample	NA	dummy117	dummy117	GTGYCAGCMGCCGCGGTAA	GGACTACNVGGGTWTCTAAT	3	5	C
0628_04-2	0628_04	sample	NA	dummy118	dummy118	GTGYCAGCMGCCGCGGTAA	GGACTACNVGGGTWTCTAAT	3	6	C
0628_05-2	0628_05	sample	NA	dummy119	dummy119	GTGYCAGCMGCCGCGGTAA	GGACTACNVGGGTWTCTAAT	3	7	C
0630_01-2	0630_01	sample	NA	dummy120	dummy120	GTGYCAGCMGCCGCGGTAA	GGACTACNVGGGTWTCTAAT	3	8	C
0630_02-2	0630_02	sample	NA	dummy121	dummy121	GTGYCAGCMGCCGCGGTAA	GGACTACNVGGGTWTCTAAT	3	1	D
0630_04-2	0630_04	sample	NA	dummy122	dummy122	GTGYCAGCMGCCGCGGTAA	GGACTACNVGGGTWTCTAAT	3	2	D
0630_06-2	0630_06	sample	NA	dummy123	dummy123	GTGYCAGCMGCCGCGGTAA	GGACTACNVGGGTWTCTAAT	3	3	D
0613_03-2	0613_03	sample	NA	dummy124	dummy124	GTGYCAGCMGCCGCGGTAA	GGACTACNVGGGTWTCTAAT	3	4	D
0623_01-2	0623_01	sample	NA	dummy125	dummy125	GTGYCAGCMGCCGCGGTAA	GGACTACNVGGGTWTCTAAT	3	5	D
0623_03-2	0623_03	sample	NA	dummy126	dummy126	GTGYCAGCMGCCGCGGTAA	GGACTACNVGGGTWTCTAAT	3	6	D
0623_04-2	0623_04	sample	NA	dummy127	dummy127	GTGYCAGCMGCCGCGGTAA	GGACTACNVGGGTWTCTAAT	3	7	D
0623_07-2	0623_07	sample	NA	dummy128	dummy128	GTGYCAGCMGCCGCGGTAA	GGACTACNVGGGTWTCTAAT	3	8	D
0611_01-2	0611_01	sample	NA	dummy129	dummy129	GTGYCAGCMGCCGCGGTAA	GGACTACNVGGGTWTCTAAT	3	1	E
0611_02-2	0611_02	sample	NA	dummy130	dummy130	GTGYCAGCMGCCGCGGTAA	GGACTACNVGGGTWTCTAAT	3	2	E
0611_03-2	0611_03	sample	NA	dummy131	dummy131	GTGYCAGCMGCCGCGGTAA	GGACTACNVGGGTWTCTAAT	3	3	E
0617_01-2	0617_01	sample	NA	dummy132	dummy132	GTGYCAGCMGCCGCGGTAA	GGACTACNVGGGTWTCTAAT	3	4	E
0617_02-2	0617_02	sample	NA	dummy133	dummy133	GTGYCAGCMGCCGCGGTAA	GGACTACNVGGGTWTCTAAT	3	5	E
0617_03-2	0617_03	sample	NA	dummy134	dummy134	GTGYCAGCMGCCGCGGTAA	GGACTACNVGGGTWTCTAAT	3	6	E
0617_04-2	0617_04	sample	NA	dummy135	dummy135	GTGYCAGCMGCCGCGGTAA	GGACTACNVGGGTWTCTAAT	3	7	E
Ban_1_1BO-2	Ban_1_1BO	sample	NA	dummy136	dummy136	GTGYCAGCMGCCGCGGTAA	GGACTACNVGGGTWTCTAAT	3	8	E
Tpos_BactZB_b-2	Tpos_BactZB_b	control	positive	dummy137	dummy137	GTGYCAGCMGCCGCGGTAA	GGACTACNVGGGTWTCTAAT	3	1	F
Tneg_ext_280120-2	Tneg_ext_280120	control	extraction	dummy138	dummy138	GTGYCAGCMGCCGCGGTAA	GGACTACNVGGGTWTCTAAT	3	2	F
Tneg_ext_040220-2	Tneg_ext_040220	control	extraction	dummy139	dummy139	GTGYCAGCMGCCGCGGTAA	GGACTACNVGGGTWTCTAAT	3	3	F
Tneg_ext_100220-2	Tneg_ext_100220	control	extraction	dummy140	dummy140	GTGYCAGCMGCCGCGGTAA	GGACTACNVGGGTWTCTAAT	3	4	F
Tneg_pai_280120-2	Tneg_pai_280120	control	extraction	dummy141	dummy141	GTGYCAGCMGCCGCGGTAA	GGACTACNVGGGTWTCTAAT	3	5	F
Tneg_pai_040220-2	Tneg_pai_040220	control	extraction	dummy142	dummy142	GTGYCAGCMGCCGCGGTAA	GGACTACNVGGGTWTCTAAT	3	6	F
Tneg_pai_100220-2	Tneg_pai_100220	control	extraction	dummy143	dummy143	GTGYCAGCMGCCGCGGTAA	GGACTACNVGGGTWTCTAAT	3	7	F
Tneg_pcr_REQPOL-2	Tneg_pcr_REQPOL	control	pcr	dummy144	dummy144	GTGYCAGCMGCCGCGGTAA	GGACTACNVGGGTWTCTAAT	3	8	F
2201-3	2201	sample	NA	dummy145	dummy145	GTGYCAGCMGCCGCGGTAA	GGACTACNVGGGTWTCTAAT	4	1	A
2202-3	2202	sample	NA	dummy146	dummy146	GTGYCAGCMGCCGCGGTAA	GGACTACNVGGGTWTCTAAT	4	2	A
2203-3	2203	sample	NA	dummy147	dummy147	GTGYCAGCMGCCGCGGTAA	GGACTACNVGGGTWTCTAAT	4	3	A
2204-3	2204	sample	NA	dummy148	dummy148	GTGYCAGCMGCCGCGGTAA	GGACTACNVGGGTWTCTAAT	4	4	A
2205-3	2205	sample	NA	dummy149	dummy149	GTGYCAGCMGCCGCGGTAA	GGACTACNVGGGTWTCTAAT	4	5	A
2206-3	2206	sample	NA	dummy150	dummy150	GTGYCAGCMGCCGCGGTAA	GGACTACNVGGGTWTCTAAT	4	6	A
2207-3	2207	sample	NA	dummy151	dummy151	GTGYCAGCMGCCGCGGTAA	GGACTACNVGGGTWTCTAAT	4	7	A
2208-3	2208	sample	NA	dummy152	dummy152	GTGYCAGCMGCCGCGGTAA	GGACTACNVGGGTWTCTAAT	4	8	A
2209-3	2209	sample	NA	dummy153	dummy153	GTGYCAGCMGCCGCGGTAA	GGACTACNVGGGTWTCTAAT	4	1	B
2210-3	2210	sample	NA	dummy154	dummy154	GTGYCAGCMGCCGCGGTAA	GGACTACNVGGGTWTCTAAT	4	2	B
2301-3	2301	sample	NA	dummy155	dummy155	GTGYCAGCMGCCGCGGTAA	GGACTACNVGGGTWTCTAAT	4	3	B
2302-3	2302	sample	NA	dummy156	dummy156	GTGYCAGCMGCCGCGGTAA	GGACTACNVGGGTWTCTAAT	4	4	B
2303-3	2303	sample	NA	dummy157	dummy157	GTGYCAGCMGCCGCGGTAA	GGACTACNVGGGTWTCTAAT	4	5	B
2304-3	2304	sample	NA	dummy158	dummy158	GTGYCAGCMGCCGCGGTAA	GGACTACNVGGGTWTCTAAT	4	6	B
2305-3	2305	sample	NA	dummy159	dummy159	GTGYCAGCMGCCGCGGTAA	GGACTACNVGGGTWTCTAAT	4	7	B
2401-3	2401	sample	NA	dummy160	dummy160	GTGYCAGCMGCCGCGGTAA	GGACTACNVGGGTWTCTAAT	4	8	B
2402-3	2402	sample	NA	dummy161	dummy161	GTGYCAGCMGCCGCGGTAA	GGACTACNVGGGTWTCTAAT	4	1	C
2403-3	2403	sample	NA	dummy162	dummy162	GTGYCAGCMGCCGCGGTAA	GGACTACNVGGGTWTCTAAT	4	2	C
2404-3	2404	sample	NA	dummy163	dummy163	GTGYCAGCMGCCGCGGTAA	GGACTACNVGGGTWTCTAAT	4	3	C
Cor1_1_100-3	Cor1_1_100	sample	NA	dummy164	dummy164	GTGYCAGCMGCCGCGGTAA	GGACTACNVGGGTWTCTAAT	4	4	C
4245_236-3	4245_236	sample	NA	dummy165	dummy165	GTGYCAGCMGCCGCGGTAA	GGACTACNVGGGTWTCTAAT	4	5	C
4245_237-3	4245_237	sample	NA	dummy166	dummy166	GTGYCAGCMGCCGCGGTAA	GGACTACNVGGGTWTCTAAT	4	6	C
4245_240-3	4245_240	sample	NA	dummy167	dummy167	GTGYCAGCMGCCGCGGTAA	GGACTACNVGGGTWTCTAAT	4	7	C
4245_256-3	4245_256	sample	NA	dummy168	dummy168	GTGYCAGCMGCCGCGGTAA	GGACTACNVGGGTWTCTAAT	4	8	C
4245_304-3	4245_304	sample	NA	dummy169	dummy169	GTGYCAGCMGCCGCGGTAA	GGACTACNVGGGTWTCTAAT	4	1	D
4245_308-3	4245_308	sample	NA	dummy170	dummy170	GTGYCAGCMGCCGCGGTAA	GGACTACNVGGGTWTCTAAT	4	2	D
4245_360-3	4245_360	sample	NA	dummy171	dummy171	GTGYCAGCMGCCGCGGTAA	GGACTACNVGGGTWTCTAAT	4	3	D
4245_365-3	4245_365	sample	NA	dummy172	dummy172	GTGYCAGCMGCCGCGGTAA	GGACTACNVGGGTWTCTAAT	4	4	D
4245_368-3	4245_368	sample	NA	dummy173	dummy173	GTGYCAGCMGCCGCGGTAA	GGACTACNVGGGTWTCTAAT	4	5	D
Tpos_BactZB_a-3	Tpos_BactZB_a	control	positive	dummy174	dummy174	GTGYCAGCMGCCGCGGTAA	GGACTACNVGGGTWTCTAAT	4	6	D
Make2-3	Make2	sample	NA	dummy175	dummy175	GTGYCAGCMGCCGCGGTAA	GGACTACNVGGGTWTCTAAT	4	7	D
Make3-3	Make3	sample	NA	dummy176	dummy176	GTGYCAGCMGCCGCGGTAA	GGACTACNVGGGTWTCTAAT	4	8	D
Make4-3	Make4	sample	NA	dummy177	dummy177	GTGYCAGCMGCCGCGGTAA	GGACTACNVGGGTWTCTAAT	4	1	E
Make5-3	Make5	sample	NA	dummy178	dummy178	GTGYCAGCMGCCGCGGTAA	GGACTACNVGGGTWTCTAAT	4	2	E
Make6-3	Make6	sample	NA	dummy179	dummy179	GTGYCAGCMGCCGCGGTAA	GGACTACNVGGGTWTCTAAT	4	3	E
0225_30-3	0225_30	sample	NA	dummy180	dummy180	GTGYCAGCMGCCGCGGTAA	GGACTACNVGGGTWTCTAAT	4	4	E
0225_31-3	0225_31	sample	NA	dummy181	dummy181	GTGYCAGCMGCCGCGGTAA	GGACTACNVGGGTWTCTAAT	4	5	E
0225_35-3	0225_35	sample	NA	dummy182	dummy182	GTGYCAGCMGCCGCGGTAA	GGACTACNVGGGTWTCTAAT	4	6	E
0225_37-3	0225_37	sample	NA	dummy183	dummy183	GTGYCAGCMGCCGCGGTAA	GGACTACNVGGGTWTCTAAT	4	7	E
0225_39-3	0225_39	sample	NA	dummy184	dummy184	GTGYCAGCMGCCGCGGTAA	GGACTACNVGGGTWTCTAAT	4	8	E
0305_41-3	0305_41	sample	NA	dummy185	dummy185	GTGYCAGCMGCCGCGGTAA	GGACTACNVGGGTWTCTAAT	4	1	F
Cor1_1_95-3	Cor1_1_95	sample	NA	dummy186	dummy186	GTGYCAGCMGCCGCGGTAA	GGACTACNVGGGTWTCTAAT	4	2	F
0305_42-3	0305_42	sample	NA	dummy187	dummy187	GTGYCAGCMGCCGCGGTAA	GGACTACNVGGGTWTCTAAT	4	3	F
0317_43-3	0317_43	sample	NA	dummy188	dummy188	GTGYCAGCMGCCGCGGTAA	GGACTACNVGGGTWTCTAAT	4	4	F
0628_01-3	0628_01	sample	NA	dummy189	dummy189	GTGYCAGCMGCCGCGGTAA	GGACTACNVGGGTWTCTAAT	4	5	F
0628_04-3	0628_04	sample	NA	dummy190	dummy190	GTGYCAGCMGCCGCGGTAA	GGACTACNVGGGTWTCTAAT	4	6	F
0628_05-3	0628_05	sample	NA	dummy191	dummy191	GTGYCAGCMGCCGCGGTAA	GGACTACNVGGGTWTCTAAT	4	7	F
0630_01-3	0630_01	sample	NA	dummy192	dummy192	GTGYCAGCMGCCGCGGTAA	GGACTACNVGGGTWTCTAAT	4	8	F
0630_02-3	0630_02	sample	NA	dummy193	dummy193	GTGYCAGCMGCCGCGGTAA	GGACTACNVGGGTWTCTAAT	5	1	A
0630_04-3	0630_04	sample	NA	dummy194	dummy194	GTGYCAGCMGCCGCGGTAA	GGACTACNVGGGTWTCTAAT	5	2	A
0630_06-3	0630_06	sample	NA	dummy195	dummy195	GTGYCAGCMGCCGCGGTAA	GGACTACNVGGGTWTCTAAT	5	3	A
0613_03-3	0613_03	sample	NA	dummy196	dummy196	GTGYCAGCMGCCGCGGTAA	GGACTACNVGGGTWTCTAAT	5	4	A
0623_01-3	0623_01	sample	NA	dummy197	dummy197	GTGYCAGCMGCCGCGGTAA	GGACTACNVGGGTWTCTAAT	5	5	A
0623_03-3	0623_03	sample	NA	dummy198	dummy198	GTGYCAGCMGCCGCGGTAA	GGACTACNVGGGTWTCTAAT	5	6	A
0623_04-3	0623_04	sample	NA	dummy199	dummy199	GTGYCAGCMGCCGCGGTAA	GGACTACNVGGGTWTCTAAT	5	7	A
0623_07-3	0623_07	sample	NA	dummy200	dummy200	GTGYCAGCMGCCGCGGTAA	GGACTACNVGGGTWTCTAAT	5	8	A
0611_01-3	0611_01	sample	NA	dummy201	dummy201	GTGYCAGCMGCCGCGGTAA	GGACTACNVGGGTWTCTAAT	5	1	B
0611_02-3	0611_02	sample	NA	dummy202	dummy202	GTGYCAGCMGCCGCGGTAA	GGACTACNVGGGTWTCTAAT	5	2	B
0611_03-3	0611_03	sample	NA	dummy203	dummy203	GTGYCAGCMGCCGCGGTAA	GGACTACNVGGGTWTCTAAT	5	3	B
0617_01-3	0617_01	sample	NA	dummy204	dummy204	GTGYCAGCMGCCGCGGTAA	GGACTACNVGGGTWTCTAAT	5	4	B
0617_02-3	0617_02	sample	NA	dummy205	dummy205	GTGYCAGCMGCCGCGGTAA	GGACTACNVGGGTWTCTAAT	5	5	B
0617_03-3	0617_03	sample	NA	dummy206	dummy206	GTGYCAGCMGCCGCGGTAA	GGACTACNVGGGTWTCTAAT	5	6	B
0617_04-3	0617_04	sample	NA	dummy207	dummy207	GTGYCAGCMGCCGCGGTAA	GGACTACNVGGGTWTCTAAT	5	7	B
Ban_1_1BO-3	Ban_1_1BO	sample	NA	dummy208	dummy208	GTGYCAGCMGCCGCGGTAA	GGACTACNVGGGTWTCTAAT	5	8	B
Tpos_BactZB_b-3	Tpos_BactZB_b	control	positive	dummy209	dummy209	GTGYCAGCMGCCGCGGTAA	GGACTACNVGGGTWTCTAAT	5	1	C
Tneg_ext_280120-3	Tneg_ext_280120	control	extraction	dummy210	dummy210	GTGYCAGCMGCCGCGGTAA	GGACTACNVGGGTWTCTAAT	5	2	C
Tneg_ext_040220-3	Tneg_ext_040220	control	extraction	dummy211	dummy211	GTGYCAGCMGCCGCGGTAA	GGACTACNVGGGTWTCTAAT	5	3	C
Tneg_ext_100220-3	Tneg_ext_100220	control	extraction	dummy212	dummy212	GTGYCAGCMGCCGCGGTAA	GGACTACNVGGGTWTCTAAT	5	4	C
Tneg_pai_280120-3	Tneg_pai_280120	control	extraction	dummy213	dummy213	GTGYCAGCMGCCGCGGTAA	GGACTACNVGGGTWTCTAAT	5	5	C
Tneg_pai_040220-3	Tneg_pai_040220	control	extraction	dummy214	dummy214	GTGYCAGCMGCCGCGGTAA	GGACTACNVGGGTWTCTAAT	5	6	C
Tneg_pai_100220-3	Tneg_pai_100220	control	extraction	dummy215	dummy215	GTGYCAGCMGCCGCGGTAA	GGACTACNVGGGTWTCTAAT	5	7	C
Tneg_pcr_REQPOL-3	Tneg_pcr_REQPOL	control	pcr	dummy216	dummy216	GTGYCAGCMGCCGCGGTAA	GGACTACNVGGGTWTCTAAT	5	8	C
