"pcr"	"sample_id"	"type"	"control_type"	"tag_fwd"	"tag_rev"	"primer_fwd"	"primer_rev"	"plate_no"	"plate_col"	"plate_row"
"14Mon01-1"	"14Mon01"	"sample"	"NA"	"cgatcgtcatcacg"	"Acgcgatctgtagag"	"TCCACTAATCACAARGATATTGGTAC"	"WACTAATCAATTWCCAAATCCTCC"	1	1	"A"
"14Mon02-1"	"14Mon02"	"sample"	"NA"	"tcgatcacgatgt"	"Acgcgatctgtagag"	"TCCACTAATCACAARGATATTGGTAC"	"WACTAATCAATTWCCAAATCCTCC"	1	2	"A"
"14Mon03-1"	"14Mon03"	"sample"	"NA"	"acgatccacagtg"	"Acgcgatctgtagag"	"TCCACTAATCACAARGATATTGGTAC"	"WACTAATCAATTWCCAAATCCTCC"	1	3	"A"
"14Mon04-1"	"14Mon04"	"sample"	"NA"	"gatcgacagatc"	"Acgcgatctgtagag"	"TCCACTAATCACAARGATATTGGTAC"	"WACTAATCAATTWCCAAATCCTCC"	1	4	"A"
"14Mon05-1"	"14Mon05"	"sample"	"NA"	"tgatcgatgatcag"	"Acgcgatctgtagag"	"TCCACTAATCACAARGATATTGGTAC"	"WACTAATCAATTWCCAAATCCTCC"	1	5	"A"
"14Mon06-1"	"14Mon06"	"sample"	"NA"	"gtcgatcatgtca"	"Acgcgatctgtagag"	"TCCACTAATCACAARGATATTGGTAC"	"WACTAATCAATTWCCAAATCCTCC"	1	6	"A"
"14Mon07-1"	"14Mon07"	"sample"	"NA"	"catcgagtagag"	"Acgcgatctgtagag"	"TCCACTAATCACAARGATATTGGTAC"	"WACTAATCAATTWCCAAATCCTCC"	1	7	"A"
"14Mon09-1"	"14Mon09"	"sample"	"NA"	"agatcgtactagct"	"Acgcgatctgtagag"	"TCCACTAATCACAARGATATTGGTAC"	"WACTAATCAATTWCCAAATCCTCC"	1	8	"A"
"14Mon10-1"	"14Mon10"	"sample"	"NA"	"cgatcgtcatcacg"	"Aacatcgacgtacg"	"TCCACTAATCACAARGATATTGGTAC"	"WACTAATCAATTWCCAAATCCTCC"	1	1	"B"
"14Deo01-1"	"14Deo01"	"sample"	"NA"	"tcgatcacgatgt"	"Aacatcgacgtacg"	"TCCACTAATCACAARGATATTGGTAC"	"WACTAATCAATTWCCAAATCCTCC"	1	2	"B"
"14Deo02-1"	"14Deo02"	"sample"	"NA"	"acgatccacagtg"	"Aacatcgacgtacg"	"TCCACTAATCACAARGATATTGGTAC"	"WACTAATCAATTWCCAAATCCTCC"	1	3	"B"
"14Deo03-1"	"14Deo03"	"sample"	"NA"	"gatcgacagatc"	"Aacatcgacgtacg"	"TCCACTAATCACAARGATATTGGTAC"	"WACTAATCAATTWCCAAATCCTCC"	1	4	"B"
"14Deo04-1"	"14Deo04"	"sample"	"NA"	"tgatcgatgatcag"	"Aacatcgacgtacg"	"TCCACTAATCACAARGATATTGGTAC"	"WACTAATCAATTWCCAAATCCTCC"	1	5	"B"
"14Ben01-1"	"14Ben01"	"sample"	"NA"	"gtcgatcatgtca"	"Aacatcgacgtacg"	"TCCACTAATCACAARGATATTGGTAC"	"WACTAATCAATTWCCAAATCCTCC"	1	6	"B"
"14Ben02-1"	"14Ben02"	"sample"	"NA"	"catcgagtagag"	"Aacatcgacgtacg"	"TCCACTAATCACAARGATATTGGTAC"	"WACTAATCAATTWCCAAATCCTCC"	1	7	"B"
"14Ben05-1"	"14Ben05"	"sample"	"NA"	"agatcgtactagct"	"Aacatcgacgtacg"	"TCCACTAATCACAARGATATTGGTAC"	"WACTAATCAATTWCCAAATCCTCC"	1	8	"B"
"14Ben07-1"	"14Ben07"	"sample"	"NA"	"cgatcgtcatcacg"	"Agtgatcgcacgat"	"TCCACTAATCACAARGATATTGGTAC"	"WACTAATCAATTWCCAAATCCTCC"	1	1	"C"
"14Ben08-1"	"14Ben08"	"sample"	"NA"	"tcgatcacgatgt"	"Agtgatcgcacgat"	"TCCACTAATCACAARGATATTGGTAC"	"WACTAATCAATTWCCAAATCCTCC"	1	2	"C"
"14Ben09-1"	"14Ben09"	"sample"	"NA"	"acgatccacagtg"	"Agtgatcgcacgat"	"TCCACTAATCACAARGATATTGGTAC"	"WACTAATCAATTWCCAAATCCTCC"	1	3	"C"
"14Ben06-1"	"14Ben06"	"sample"	"NA"	"gatcgacagatc"	"Agtgatcgcacgat"	"TCCACTAATCACAARGATATTGGTAC"	"WACTAATCAATTWCCAAATCCTCC"	1	4	"C"
"14Cro01-1"	"14Cro01"	"sample"	"NA"	"tgatcgatgatcag"	"Agtgatcgcacgat"	"TCCACTAATCACAARGATATTGGTAC"	"WACTAATCAATTWCCAAATCCTCC"	1	5	"C"
"14Cro02-1"	"14Cro02"	"sample"	"NA"	"gtcgatcatgtca"	"Agtgatcgcacgat"	"TCCACTAATCACAARGATATTGGTAC"	"WACTAATCAATTWCCAAATCCTCC"	1	6	"C"
"14Cro03-1"	"14Cro03"	"sample"	"NA"	"catcgagtagag"	"Agtgatcgcacgat"	"TCCACTAATCACAARGATATTGGTAC"	"WACTAATCAATTWCCAAATCCTCC"	1	7	"C"
"14Cro04-1"	"14Cro04"	"sample"	"NA"	"agatcgtactagct"	"Agtgatcgcacgat"	"TCCACTAATCACAARGATATTGGTAC"	"WACTAATCAATTWCCAAATCCTCC"	1	8	"C"
"14Cro06-1"	"14Cro06"	"sample"	"NA"	"cgatcgtcatcacg"	"Aagatcgagcactca"	"TCCACTAATCACAARGATATTGGTAC"	"WACTAATCAATTWCCAAATCCTCC"	1	1	"D"
"14Cro07-1"	"14Cro07"	"sample"	"NA"	"tcgatcacgatgt"	"Aagatcgagcactca"	"TCCACTAATCACAARGATATTGGTAC"	"WACTAATCAATTWCCAAATCCTCC"	1	2	"D"
"14Cro09-1"	"14Cro09"	"sample"	"NA"	"acgatccacagtg"	"Aagatcgagcactca"	"TCCACTAATCACAARGATATTGGTAC"	"WACTAATCAATTWCCAAATCCTCC"	1	3	"D"
"14Cro10-1"	"14Cro10"	"sample"	"NA"	"gatcgacagatc"	"Aagatcgagcactca"	"TCCACTAATCACAARGATATTGGTAC"	"WACTAATCAATTWCCAAATCCTCC"	1	4	"D"
"14Cro11-1"	"14Cro11"	"sample"	"NA"	"tgatcgatgatcag"	"Aagatcgagcactca"	"TCCACTAATCACAARGATATTGGTAC"	"WACTAATCAATTWCCAAATCCTCC"	1	5	"D"
"14Cro12-1"	"14Cro12"	"sample"	"NA"	"gtcgatcatgtca"	"Aagatcgagcactca"	"TCCACTAATCACAARGATATTGGTAC"	"WACTAATCAATTWCCAAATCCTCC"	1	6	"D"
"14Cro13-1"	"14Cro13"	"sample"	"NA"	"catcgagtagag"	"Aagatcgagcactca"	"TCCACTAATCACAARGATATTGGTAC"	"WACTAATCAATTWCCAAATCCTCC"	1	7	"D"
"14Cro14-1"	"14Cro14"	"sample"	"NA"	"agatcgtactagct"	"Aagatcgagcactca"	"TCCACTAATCACAARGATATTGGTAC"	"WACTAATCAATTWCCAAATCCTCC"	1	8	"D"
"14Cro15-1"	"14Cro15"	"sample"	"NA"	"cgatcgtcatcacg"	"Acacgatgacgac"	"TCCACTAATCACAARGATATTGGTAC"	"WACTAATCAATTWCCAAATCCTCC"	1	1	"E"
"14Cro16-1"	"14Cro16"	"sample"	"NA"	"tcgatcacgatgt"	"Acacgatgacgac"	"TCCACTAATCACAARGATATTGGTAC"	"WACTAATCAATTWCCAAATCCTCC"	1	2	"E"
"14Cro17-1"	"14Cro17"	"sample"	"NA"	"acgatccacagtg"	"Acacgatgacgac"	"TCCACTAATCACAARGATATTGGTAC"	"WACTAATCAATTWCCAAATCCTCC"	1	3	"E"
"P1-1"	"P1"	"sample"	"NA"	"gatcgacagatc"	"Acacgatgacgac"	"TCCACTAATCACAARGATATTGGTAC"	"WACTAATCAATTWCCAAATCCTCC"	1	4	"E"
"P2-1"	"P2"	"sample"	"NA"	"tgatcgatgatcag"	"Acacgatgacgac"	"TCCACTAATCACAARGATATTGGTAC"	"WACTAATCAATTWCCAAATCCTCC"	1	5	"E"
"P3-1"	"P3"	"sample"	"NA"	"gtcgatcatgtca"	"Acacgatgacgac"	"TCCACTAATCACAARGATATTGGTAC"	"WACTAATCAATTWCCAAATCCTCC"	1	6	"E"
"P4-1"	"P4"	"sample"	"NA"	"catcgagtagag"	"Acacgatgacgac"	"TCCACTAATCACAARGATATTGGTAC"	"WACTAATCAATTWCCAAATCCTCC"	1	7	"E"
"P5-1"	"P5"	"sample"	"NA"	"agatcgtactagct"	"Acacgatgacgac"	"TCCACTAATCACAARGATATTGGTAC"	"WACTAATCAATTWCCAAATCCTCC"	1	8	"E"
"TnegPCR_prerun-1"	"TnegPCR_prerun"	"control"	"pcr"	"cgatcgtcatcacg"	"Atgtcgatctacagc"	"TCCACTAATCACAARGATATTGGTAC"	"WACTAATCAATTWCCAAATCCTCC"	1	1	"F"
"Tpos1_prerun-1"	"Tpos1_prerun"	"control"	"positive"	"tcgatcacgatgt"	"Atgtcgatctacagc"	"TCCACTAATCACAARGATATTGGTAC"	"WACTAATCAATTWCCAAATCCTCC"	1	2	"F"
"TnegExt1_prerun-1"	"TnegExt1_prerun"	"control"	"extraction"	"acgatccacagtg"	"Atgtcgatctacagc"	"TCCACTAATCACAARGATATTGGTAC"	"WACTAATCAATTWCCAAATCCTCC"	1	3	"F"
"TnegExt2_prerun-1"	"TnegExt2_prerun"	"control"	"extraction"	"gatcgacagatc"	"Atgtcgatctacagc"	"TCCACTAATCACAARGATATTGGTAC"	"WACTAATCAATTWCCAAATCCTCC"	1	4	"F"
"Tpos2_prerun-1"	"Tpos2_prerun"	"control"	"positive"	"tgatcgatgatcag"	"Atgtcgatctacagc"	"TCCACTAATCACAARGATATTGGTAC"	"WACTAATCAATTWCCAAATCCTCC"	1	5	"F"
"TnegPai1_prerun-1"	"TnegPai1_prerun"	"control"	"extraction"	"gtcgatcatgtca"	"Atgtcgatctacagc"	"TCCACTAATCACAARGATATTGGTAC"	"WACTAATCAATTWCCAAATCCTCC"	1	6	"F"
"TnegPai2_prerun-1"	"TnegPai2_prerun"	"control"	"extraction"	"catcgagtagag"	"Atgtcgatctacagc"	"TCCACTAATCACAARGATATTGGTAC"	"WACTAATCAATTWCCAAATCCTCC"	1	7	"F"
"TnegTag_prerun-1"	"TnegTag_prerun"	"control"	"sequencing"	"agatcgtactagct"	"Atgtcgatctacagc"	"TCCACTAATCACAARGATATTGGTAC"	"WACTAATCAATTWCCAAATCCTCC"	1	8	"F"
"14Mon01-2"	"14Mon01"	"sample"	"NA"	"cgatcgtcatcacg"	"Ccgcgatctgtagag"	"TCCACTAATCACAARGATATTGGTAC"	"WACTAATCAATTWCCAAATCCTCC"	2	1	"A"
"14Mon02-2"	"14Mon02"	"sample"	"NA"	"tcgatcacgatgt"	"Ccgcgatctgtagag"	"TCCACTAATCACAARGATATTGGTAC"	"WACTAATCAATTWCCAAATCCTCC"	2	2	"A"
"14Mon03-2"	"14Mon03"	"sample"	"NA"	"acgatccacagtg"	"Ccgcgatctgtagag"	"TCCACTAATCACAARGATATTGGTAC"	"WACTAATCAATTWCCAAATCCTCC"	2	3	"A"
"14Mon04-2"	"14Mon04"	"sample"	"NA"	"gatcgacagatc"	"Ccgcgatctgtagag"	"TCCACTAATCACAARGATATTGGTAC"	"WACTAATCAATTWCCAAATCCTCC"	2	4	"A"
"14Mon05-2"	"14Mon05"	"sample"	"NA"	"tgatcgatgatcag"	"Ccgcgatctgtagag"	"TCCACTAATCACAARGATATTGGTAC"	"WACTAATCAATTWCCAAATCCTCC"	2	5	"A"
"14Mon06-2"	"14Mon06"	"sample"	"NA"	"gtcgatcatgtca"	"Ccgcgatctgtagag"	"TCCACTAATCACAARGATATTGGTAC"	"WACTAATCAATTWCCAAATCCTCC"	2	6	"A"
"14Mon07-2"	"14Mon07"	"sample"	"NA"	"catcgagtagag"	"Ccgcgatctgtagag"	"TCCACTAATCACAARGATATTGGTAC"	"WACTAATCAATTWCCAAATCCTCC"	2	7	"A"
"14Mon09-2"	"14Mon09"	"sample"	"NA"	"agatcgtactagct"	"Ccgcgatctgtagag"	"TCCACTAATCACAARGATATTGGTAC"	"WACTAATCAATTWCCAAATCCTCC"	2	8	"A"
"14Mon10-2"	"14Mon10"	"sample"	"NA"	"cgatcgtcatcacg"	"Cacatcgacgtacg"	"TCCACTAATCACAARGATATTGGTAC"	"WACTAATCAATTWCCAAATCCTCC"	2	1	"B"
"14Deo01-2"	"14Deo01"	"sample"	"NA"	"tcgatcacgatgt"	"Cacatcgacgtacg"	"TCCACTAATCACAARGATATTGGTAC"	"WACTAATCAATTWCCAAATCCTCC"	2	2	"B"
"14Deo02-2"	"14Deo02"	"sample"	"NA"	"acgatccacagtg"	"Cacatcgacgtacg"	"TCCACTAATCACAARGATATTGGTAC"	"WACTAATCAATTWCCAAATCCTCC"	2	3	"B"
"14Deo03-2"	"14Deo03"	"sample"	"NA"	"gatcgacagatc"	"Cacatcgacgtacg"	"TCCACTAATCACAARGATATTGGTAC"	"WACTAATCAATTWCCAAATCCTCC"	2	4	"B"
"14Deo04-2"	"14Deo04"	"sample"	"NA"	"tgatcgatgatcag"	"Cacatcgacgtacg"	"TCCACTAATCACAARGATATTGGTAC"	"WACTAATCAATTWCCAAATCCTCC"	2	5	"B"
"14Ben01-2"	"14Ben01"	"sample"	"NA"	"gtcgatcatgtca"	"Cacatcgacgtacg"	"TCCACTAATCACAARGATATTGGTAC"	"WACTAATCAATTWCCAAATCCTCC"	2	6	"B"
"14Ben02-2"	"14Ben02"	"sample"	"NA"	"catcgagtagag"	"Cacatcgacgtacg"	"TCCACTAATCACAARGATATTGGTAC"	"WACTAATCAATTWCCAAATCCTCC"	2	7	"B"
"14Ben05-2"	"14Ben05"	"sample"	"NA"	"agatcgtactagct"	"Cacatcgacgtacg"	"TCCACTAATCACAARGATATTGGTAC"	"WACTAATCAATTWCCAAATCCTCC"	2	8	"B"
"14Ben07-2"	"14Ben07"	"sample"	"NA"	"cgatcgtcatcacg"	"Cgtgatcgcacgat"	"TCCACTAATCACAARGATATTGGTAC"	"WACTAATCAATTWCCAAATCCTCC"	2	1	"C"
"14Ben08-2"	"14Ben08"	"sample"	"NA"	"tcgatcacgatgt"	"Cgtgatcgcacgat"	"TCCACTAATCACAARGATATTGGTAC"	"WACTAATCAATTWCCAAATCCTCC"	2	2	"C"
"14Ben09-2"	"14Ben09"	"sample"	"NA"	"acgatccacagtg"	"Cgtgatcgcacgat"	"TCCACTAATCACAARGATATTGGTAC"	"WACTAATCAATTWCCAAATCCTCC"	2	3	"C"
"14Ben06-2"	"14Ben06"	"sample"	"NA"	"gatcgacagatc"	"Cgtgatcgcacgat"	"TCCACTAATCACAARGATATTGGTAC"	"WACTAATCAATTWCCAAATCCTCC"	2	4	"C"
"14Cro01-2"	"14Cro01"	"sample"	"NA"	"tgatcgatgatcag"	"Cgtgatcgcacgat"	"TCCACTAATCACAARGATATTGGTAC"	"WACTAATCAATTWCCAAATCCTCC"	2	5	"C"
"14Cro02-2"	"14Cro02"	"sample"	"NA"	"gtcgatcatgtca"	"Cgtgatcgcacgat"	"TCCACTAATCACAARGATATTGGTAC"	"WACTAATCAATTWCCAAATCCTCC"	2	6	"C"
"14Cro03-2"	"14Cro03"	"sample"	"NA"	"catcgagtagag"	"Cgtgatcgcacgat"	"TCCACTAATCACAARGATATTGGTAC"	"WACTAATCAATTWCCAAATCCTCC"	2	7	"C"
"14Cro04-2"	"14Cro04"	"sample"	"NA"	"agatcgtactagct"	"Cgtgatcgcacgat"	"TCCACTAATCACAARGATATTGGTAC"	"WACTAATCAATTWCCAAATCCTCC"	2	8	"C"
"14Cro06-2"	"14Cro06"	"sample"	"NA"	"cgatcgtcatcacg"	"Cagatcgagcactca"	"TCCACTAATCACAARGATATTGGTAC"	"WACTAATCAATTWCCAAATCCTCC"	2	1	"D"
"14Cro07-2"	"14Cro07"	"sample"	"NA"	"tcgatcacgatgt"	"Cagatcgagcactca"	"TCCACTAATCACAARGATATTGGTAC"	"WACTAATCAATTWCCAAATCCTCC"	2	2	"D"
"14Cro09-2"	"14Cro09"	"sample"	"NA"	"acgatccacagtg"	"Cagatcgagcactca"	"TCCACTAATCACAARGATATTGGTAC"	"WACTAATCAATTWCCAAATCCTCC"	2	3	"D"
"14Cro10-2"	"14Cro10"	"sample"	"NA"	"gatcgacagatc"	"Cagatcgagcactca"	"TCCACTAATCACAARGATATTGGTAC"	"WACTAATCAATTWCCAAATCCTCC"	2	4	"D"
"14Cro11-2"	"14Cro11"	"sample"	"NA"	"tgatcgatgatcag"	"Cagatcgagcactca"	"TCCACTAATCACAARGATATTGGTAC"	"WACTAATCAATTWCCAAATCCTCC"	2	5	"D"
"14Cro12-2"	"14Cro12"	"sample"	"NA"	"gtcgatcatgtca"	"Cagatcgagcactca"	"TCCACTAATCACAARGATATTGGTAC"	"WACTAATCAATTWCCAAATCCTCC"	2	6	"D"
"14Cro13-2"	"14Cro13"	"sample"	"NA"	"catcgagtagag"	"Cagatcgagcactca"	"TCCACTAATCACAARGATATTGGTAC"	"WACTAATCAATTWCCAAATCCTCC"	2	7	"D"
"14Cro14-2"	"14Cro14"	"sample"	"NA"	"agatcgtactagct"	"Cagatcgagcactca"	"TCCACTAATCACAARGATATTGGTAC"	"WACTAATCAATTWCCAAATCCTCC"	2	8	"D"
"14Cro15-2"	"14Cro15"	"sample"	"NA"	"cgatcgtcatcacg"	"Ccacgatgacgac"	"TCCACTAATCACAARGATATTGGTAC"	"WACTAATCAATTWCCAAATCCTCC"	2	1	"E"
"14Cro16-2"	"14Cro16"	"sample"	"NA"	"tcgatcacgatgt"	"Ccacgatgacgac"	"TCCACTAATCACAARGATATTGGTAC"	"WACTAATCAATTWCCAAATCCTCC"	2	2	"E"
"14Cro17-2"	"14Cro17"	"sample"	"NA"	"acgatccacagtg"	"Ccacgatgacgac"	"TCCACTAATCACAARGATATTGGTAC"	"WACTAATCAATTWCCAAATCCTCC"	2	3	"E"
"P1-2"	"P1"	"sample"	"NA"	"gatcgacagatc"	"Ccacgatgacgac"	"TCCACTAATCACAARGATATTGGTAC"	"WACTAATCAATTWCCAAATCCTCC"	2	4	"E"
"P2-2"	"P2"	"sample"	"NA"	"tgatcgatgatcag"	"Ccacgatgacgac"	"TCCACTAATCACAARGATATTGGTAC"	"WACTAATCAATTWCCAAATCCTCC"	2	5	"E"
"P3-2"	"P3"	"sample"	"NA"	"gtcgatcatgtca"	"Ccacgatgacgac"	"TCCACTAATCACAARGATATTGGTAC"	"WACTAATCAATTWCCAAATCCTCC"	2	6	"E"
"P4-2"	"P4"	"sample"	"NA"	"catcgagtagag"	"Ccacgatgacgac"	"TCCACTAATCACAARGATATTGGTAC"	"WACTAATCAATTWCCAAATCCTCC"	2	7	"E"
"P5-2"	"P5"	"sample"	"NA"	"agatcgtactagct"	"Ccacgatgacgac"	"TCCACTAATCACAARGATATTGGTAC"	"WACTAATCAATTWCCAAATCCTCC"	2	8	"E"
"TnegPCR_prerun-2"	"TnegPCR_prerun"	"control"	"pcr"	"cgatcgtcatcacg"	"Ctgtcgatctacagc"	"TCCACTAATCACAARGATATTGGTAC"	"WACTAATCAATTWCCAAATCCTCC"	2	1	"F"
"Tpos1_prerun-2"	"Tpos1_prerun"	"control"	"positive"	"tcgatcacgatgt"	"Ctgtcgatctacagc"	"TCCACTAATCACAARGATATTGGTAC"	"WACTAATCAATTWCCAAATCCTCC"	2	2	"F"
"TnegExt1_prerun-2"	"TnegExt1_prerun"	"control"	"extraction"	"acgatccacagtg"	"Ctgtcgatctacagc"	"TCCACTAATCACAARGATATTGGTAC"	"WACTAATCAATTWCCAAATCCTCC"	2	3	"F"
"TnegExt2_prerun-2"	"TnegExt2_prerun"	"control"	"extraction"	"gatcgacagatc"	"Ctgtcgatctacagc"	"TCCACTAATCACAARGATATTGGTAC"	"WACTAATCAATTWCCAAATCCTCC"	2	4	"F"
"Tpos2_prerun-2"	"Tpos2_prerun"	"control"	"positive"	"tgatcgatgatcag"	"Ctgtcgatctacagc"	"TCCACTAATCACAARGATATTGGTAC"	"WACTAATCAATTWCCAAATCCTCC"	2	5	"F"
"TnegPai1_prerun-2"	"TnegPai1_prerun"	"control"	"extraction"	"gtcgatcatgtca"	"Ctgtcgatctacagc"	"TCCACTAATCACAARGATATTGGTAC"	"WACTAATCAATTWCCAAATCCTCC"	2	6	"F"
"TnegPai2_prerun-2"	"TnegPai2_prerun"	"control"	"extraction"	"catcgagtagag"	"Ctgtcgatctacagc"	"TCCACTAATCACAARGATATTGGTAC"	"WACTAATCAATTWCCAAATCCTCC"	2	7	"F"
"TnegTag_prerun-2"	"TnegTag_prerun"	"control"	"sequencing"	"agatcgtactagct"	"Ctgtcgatctacagc"	"TCCACTAATCACAARGATATTGGTAC"	"WACTAATCAATTWCCAAATCCTCC"	2	8	"F"
"14Mon01-3"	"14Mon01"	"sample"	"NA"	"cgatcgtcatcacg"	"Gcgcgatctgtagag"	"TCCACTAATCACAARGATATTGGTAC"	"WACTAATCAATTWCCAAATCCTCC"	3	1	"A"
"14Mon02-3"	"14Mon02"	"sample"	"NA"	"tcgatcacgatgt"	"Gcgcgatctgtagag"	"TCCACTAATCACAARGATATTGGTAC"	"WACTAATCAATTWCCAAATCCTCC"	3	2	"A"
"14Mon03-3"	"14Mon03"	"sample"	"NA"	"acgatccacagtg"	"Gcgcgatctgtagag"	"TCCACTAATCACAARGATATTGGTAC"	"WACTAATCAATTWCCAAATCCTCC"	3	3	"A"
"14Mon04-3"	"14Mon04"	"sample"	"NA"	"gatcgacagatc"	"Gcgcgatctgtagag"	"TCCACTAATCACAARGATATTGGTAC"	"WACTAATCAATTWCCAAATCCTCC"	3	4	"A"
"14Mon05-3"	"14Mon05"	"sample"	"NA"	"tgatcgatgatcag"	"Gcgcgatctgtagag"	"TCCACTAATCACAARGATATTGGTAC"	"WACTAATCAATTWCCAAATCCTCC"	3	5	"A"
"14Mon06-3"	"14Mon06"	"sample"	"NA"	"gtcgatcatgtca"	"Gcgcgatctgtagag"	"TCCACTAATCACAARGATATTGGTAC"	"WACTAATCAATTWCCAAATCCTCC"	3	6	"A"
"14Mon07-3"	"14Mon07"	"sample"	"NA"	"catcgagtagag"	"Gcgcgatctgtagag"	"TCCACTAATCACAARGATATTGGTAC"	"WACTAATCAATTWCCAAATCCTCC"	3	7	"A"
"14Mon09-3"	"14Mon09"	"sample"	"NA"	"agatcgtactagct"	"Gcgcgatctgtagag"	"TCCACTAATCACAARGATATTGGTAC"	"WACTAATCAATTWCCAAATCCTCC"	3	8	"A"
"14Mon10-3"	"14Mon10"	"sample"	"NA"	"cgatcgtcatcacg"	"Gacatcgacgtacg"	"TCCACTAATCACAARGATATTGGTAC"	"WACTAATCAATTWCCAAATCCTCC"	3	1	"B"
"14Deo01-3"	"14Deo01"	"sample"	"NA"	"tcgatcacgatgt"	"Gacatcgacgtacg"	"TCCACTAATCACAARGATATTGGTAC"	"WACTAATCAATTWCCAAATCCTCC"	3	2	"B"
"14Deo02-3"	"14Deo02"	"sample"	"NA"	"acgatccacagtg"	"Gacatcgacgtacg"	"TCCACTAATCACAARGATATTGGTAC"	"WACTAATCAATTWCCAAATCCTCC"	3	3	"B"
"14Deo03-3"	"14Deo03"	"sample"	"NA"	"gatcgacagatc"	"Gacatcgacgtacg"	"TCCACTAATCACAARGATATTGGTAC"	"WACTAATCAATTWCCAAATCCTCC"	3	4	"B"
"14Deo04-3"	"14Deo04"	"sample"	"NA"	"tgatcgatgatcag"	"Gacatcgacgtacg"	"TCCACTAATCACAARGATATTGGTAC"	"WACTAATCAATTWCCAAATCCTCC"	3	5	"B"
"14Ben01-3"	"14Ben01"	"sample"	"NA"	"gtcgatcatgtca"	"Gacatcgacgtacg"	"TCCACTAATCACAARGATATTGGTAC"	"WACTAATCAATTWCCAAATCCTCC"	3	6	"B"
"14Ben02-3"	"14Ben02"	"sample"	"NA"	"catcgagtagag"	"Gacatcgacgtacg"	"TCCACTAATCACAARGATATTGGTAC"	"WACTAATCAATTWCCAAATCCTCC"	3	7	"B"
"14Ben05-3"	"14Ben05"	"sample"	"NA"	"agatcgtactagct"	"Gacatcgacgtacg"	"TCCACTAATCACAARGATATTGGTAC"	"WACTAATCAATTWCCAAATCCTCC"	3	8	"B"
"14Ben07-3"	"14Ben07"	"sample"	"NA"	"cgatcgtcatcacg"	"Ggtgatcgcacgat"	"TCCACTAATCACAARGATATTGGTAC"	"WACTAATCAATTWCCAAATCCTCC"	3	1	"C"
"14Ben08-3"	"14Ben08"	"sample"	"NA"	"tcgatcacgatgt"	"Ggtgatcgcacgat"	"TCCACTAATCACAARGATATTGGTAC"	"WACTAATCAATTWCCAAATCCTCC"	3	2	"C"
"14Ben09-3"	"14Ben09"	"sample"	"NA"	"acgatccacagtg"	"Ggtgatcgcacgat"	"TCCACTAATCACAARGATATTGGTAC"	"WACTAATCAATTWCCAAATCCTCC"	3	3	"C"
"14Ben06-3"	"14Ben06"	"sample"	"NA"	"gatcgacagatc"	"Ggtgatcgcacgat"	"TCCACTAATCACAARGATATTGGTAC"	"WACTAATCAATTWCCAAATCCTCC"	3	4	"C"
"14Cro01-3"	"14Cro01"	"sample"	"NA"	"tgatcgatgatcag"	"Ggtgatcgcacgat"	"TCCACTAATCACAARGATATTGGTAC"	"WACTAATCAATTWCCAAATCCTCC"	3	5	"C"
"14Cro02-3"	"14Cro02"	"sample"	"NA"	"gtcgatcatgtca"	"Ggtgatcgcacgat"	"TCCACTAATCACAARGATATTGGTAC"	"WACTAATCAATTWCCAAATCCTCC"	3	6	"C"
"14Cro03-3"	"14Cro03"	"sample"	"NA"	"catcgagtagag"	"Ggtgatcgcacgat"	"TCCACTAATCACAARGATATTGGTAC"	"WACTAATCAATTWCCAAATCCTCC"	3	7	"C"
"14Cro04-3"	"14Cro04"	"sample"	"NA"	"agatcgtactagct"	"Ggtgatcgcacgat"	"TCCACTAATCACAARGATATTGGTAC"	"WACTAATCAATTWCCAAATCCTCC"	3	8	"C"
"14Cro06-3"	"14Cro06"	"sample"	"NA"	"cgatcgtcatcacg"	"Gagatcgagcactca"	"TCCACTAATCACAARGATATTGGTAC"	"WACTAATCAATTWCCAAATCCTCC"	3	1	"D"
"14Cro07-3"	"14Cro07"	"sample"	"NA"	"tcgatcacgatgt"	"Gagatcgagcactca"	"TCCACTAATCACAARGATATTGGTAC"	"WACTAATCAATTWCCAAATCCTCC"	3	2	"D"
"14Cro09-3"	"14Cro09"	"sample"	"NA"	"acgatccacagtg"	"Gagatcgagcactca"	"TCCACTAATCACAARGATATTGGTAC"	"WACTAATCAATTWCCAAATCCTCC"	3	3	"D"
"14Cro10-3"	"14Cro10"	"sample"	"NA"	"gatcgacagatc"	"Gagatcgagcactca"	"TCCACTAATCACAARGATATTGGTAC"	"WACTAATCAATTWCCAAATCCTCC"	3	4	"D"
"14Cro11-3"	"14Cro11"	"sample"	"NA"	"tgatcgatgatcag"	"Gagatcgagcactca"	"TCCACTAATCACAARGATATTGGTAC"	"WACTAATCAATTWCCAAATCCTCC"	3	5	"D"
"14Cro12-3"	"14Cro12"	"sample"	"NA"	"gtcgatcatgtca"	"Gagatcgagcactca"	"TCCACTAATCACAARGATATTGGTAC"	"WACTAATCAATTWCCAAATCCTCC"	3	6	"D"
"14Cro13-3"	"14Cro13"	"sample"	"NA"	"catcgagtagag"	"Gagatcgagcactca"	"TCCACTAATCACAARGATATTGGTAC"	"WACTAATCAATTWCCAAATCCTCC"	3	7	"D"
"14Cro14-3"	"14Cro14"	"sample"	"NA"	"agatcgtactagct"	"Gagatcgagcactca"	"TCCACTAATCACAARGATATTGGTAC"	"WACTAATCAATTWCCAAATCCTCC"	3	8	"D"
"14Cro15-3"	"14Cro15"	"sample"	"NA"	"cgatcgtcatcacg"	"Gcacgatgacgac"	"TCCACTAATCACAARGATATTGGTAC"	"WACTAATCAATTWCCAAATCCTCC"	3	1	"E"
"14Cro16-3"	"14Cro16"	"sample"	"NA"	"tcgatcacgatgt"	"Gcacgatgacgac"	"TCCACTAATCACAARGATATTGGTAC"	"WACTAATCAATTWCCAAATCCTCC"	3	2	"E"
"14Cro17-3"	"14Cro17"	"sample"	"NA"	"acgatccacagtg"	"Gcacgatgacgac"	"TCCACTAATCACAARGATATTGGTAC"	"WACTAATCAATTWCCAAATCCTCC"	3	3	"E"
"P1-3"	"P1"	"sample"	"NA"	"gatcgacagatc"	"Gcacgatgacgac"	"TCCACTAATCACAARGATATTGGTAC"	"WACTAATCAATTWCCAAATCCTCC"	3	4	"E"
"P2-3"	"P2"	"sample"	"NA"	"tgatcgatgatcag"	"Gcacgatgacgac"	"TCCACTAATCACAARGATATTGGTAC"	"WACTAATCAATTWCCAAATCCTCC"	3	5	"E"
"P3-3"	"P3"	"sample"	"NA"	"gtcgatcatgtca"	"Gcacgatgacgac"	"TCCACTAATCACAARGATATTGGTAC"	"WACTAATCAATTWCCAAATCCTCC"	3	6	"E"
"P4-3"	"P4"	"sample"	"NA"	"catcgagtagag"	"Gcacgatgacgac"	"TCCACTAATCACAARGATATTGGTAC"	"WACTAATCAATTWCCAAATCCTCC"	3	7	"E"
"P5-3"	"P5"	"sample"	"NA"	"agatcgtactagct"	"Gcacgatgacgac"	"TCCACTAATCACAARGATATTGGTAC"	"WACTAATCAATTWCCAAATCCTCC"	3	8	"E"
"TnegPCR_prerun-3"	"TnegPCR_prerun"	"control"	"pcr"	"cgatcgtcatcacg"	"Gtgtcgatctacagc"	"TCCACTAATCACAARGATATTGGTAC"	"WACTAATCAATTWCCAAATCCTCC"	3	1	"F"
"Tpos1_prerun-3"	"Tpos1_prerun"	"control"	"positive"	"tcgatcacgatgt"	"Gtgtcgatctacagc"	"TCCACTAATCACAARGATATTGGTAC"	"WACTAATCAATTWCCAAATCCTCC"	3	2	"F"
"TnegExt1_prerun-3"	"TnegExt1_prerun"	"control"	"extraction"	"acgatccacagtg"	"Gtgtcgatctacagc"	"TCCACTAATCACAARGATATTGGTAC"	"WACTAATCAATTWCCAAATCCTCC"	3	3	"F"
"TnegExt2_prerun-3"	"TnegExt2_prerun"	"control"	"extraction"	"gatcgacagatc"	"Gtgtcgatctacagc"	"TCCACTAATCACAARGATATTGGTAC"	"WACTAATCAATTWCCAAATCCTCC"	3	4	"F"
"Tpos2_prerun-3"	"Tpos2_prerun"	"control"	"positive"	"tgatcgatgatcag"	"Gtgtcgatctacagc"	"TCCACTAATCACAARGATATTGGTAC"	"WACTAATCAATTWCCAAATCCTCC"	3	5	"F"
"TnegPai1_prerun-3"	"TnegPai1_prerun"	"control"	"extraction"	"gtcgatcatgtca"	"Gtgtcgatctacagc"	"TCCACTAATCACAARGATATTGGTAC"	"WACTAATCAATTWCCAAATCCTCC"	3	6	"F"
"TnegPai2_prerun-3"	"TnegPai2_prerun"	"control"	"extraction"	"catcgagtagag"	"Gtgtcgatctacagc"	"TCCACTAATCACAARGATATTGGTAC"	"WACTAATCAATTWCCAAATCCTCC"	3	7	"F"
"TnegTag_prerun-3"	"TnegTag_prerun"	"control"	"sequencing"	"agatcgtactagct"	"Gtgtcgatctacagc"	"TCCACTAATCACAARGATATTGGTAC"	"WACTAATCAATTWCCAAATCCTCC"	3	8	"F"
